MERCHANT_WEEK,RANK,ITEM_DEPARTMENT_NAME,ITEM_SUB_DEPARTMENT_NAME,ITEM_CLASS_NAME,ITEM_SUB_CLASS_NAME,ITEM_NUMBER,ITEM_DESCRIPTION,AVG_QUANTITY_PER_TXN,country
26,1,300 INDOOR TIMBER AND BOARDS,400 WALL LINING,500 PINE LINING,602 PINE LINING,0497570,PINE LINING VJ++140X12MM 2.7M,15.0,AU
26,2,300 INDOOR TIMBER AND BOARDS,400 WALL LINING,500 WALL LINING TTS,603 PINE LINING,0517522,EDGELINE FJ LINING BRD++133X13MM 5.4M SHIPLAP PRIMED,11.0,AU
26,3,300 INDOOR TIMBER AND BOARDS,400 PINE MOULDINGS,500 FJ PINE PRIMED MOULDINGS,600 FJ PINE PRIMED MOULDINGS,8480064,PINE DAR FJ++92X18MM 2.7M PRIMED,10.0,AU
26,4,300 INDOOR TIMBER AND BOARDS,400 HARDWOOD MOULDINGS,500 HARDWOOD MOULDINGS,600 HARDWOOD MOULDINGS,0497495,GRANDIS DOWEL RND++8X8MM 2.4M,10.0,AU
26,5,300 INDOOR TIMBER AND BOARDS,400 HARDWOOD MOULDINGS,500 TASMANIAN OAK MOULDINGS,600 TASMANIAN OAK MOULDINGS,0084210,TAS OAK MOULDING HALF RND++30X12MM 2.4M SELECT,9.0,AU
26,6,300 INDOOR TIMBER AND BOARDS,400 HARDWOOD MOULDINGS,500 MERANTI MOULDINGS,600 MERANTI MOULDINGS,0405020,MERANTI ARCH BULL NOSE++66X18MM 2.7M,9.0,AU
26,7,300 INDOOR TIMBER AND BOARDS,400 SPECIALTY BOARDS,500 SOFTBOARDS,600 SOFTBOARDS,0098205,PINBOARD ACOUSTIC++2420X1220X9MM BLACK,8.0,AU
26,8,300 INDOOR TIMBER AND BOARDS,400 PANELS,500 PANELS,600 PANELS,0520566,TAS OAK FEATURE GRADE PANEL++1800X405X19MM,7.0,AU
26,9,300 INDOOR TIMBER AND BOARDS,400 MDF MOULDINGS,500 MDF PRIMED MOULDINGS,600 MDF PRIMED MOULDINGS,8470574,MDF MOULDING WA COLONIAL++87X18MM 2.7M PRIMED,6.0,AU
26,10,300 INDOOR TIMBER AND BOARDS,400 PINE MOULDINGS,500 FJ PINE PRIMED MOULDINGS,600 FJ PINE PRIMED MOULDINGS,8480080,PINE MOULDING FJ COLONIAL++66X11MM 2.7M PRIMED,6.0,AU
27,1,300 INDOOR TIMBER AND BOARDS,400 PINE MOULDINGS,500 FJ PINE PRIMED MOULDINGS,600 FJ PINE PRIMED MOULDINGS,8480072,PINE MOULDING FJ COLONIAL++42X11MM 2.7M PRIMED,30.0,AU
27,2,300 INDOOR TIMBER AND BOARDS,400 WALL LINING,500 MDF PANEL LINING,600 MDF PANEL LINING,0493261,BATTEN TASMANIAN OAK++2700X65X31MM INBUILT MRMDF,15.0,AU
27,3,300 INDOOR TIMBER AND BOARDS,400 MDF MOULDINGS,500 MDF PRIMED MOULDINGS,600 MDF PRIMED MOULDINGS,8470545,MDF MOULDING SINGLE BEVEL++67X12MM 2.7M PRIMED SILKTRIM,12.0,AU
27,4,300 INDOOR TIMBER AND BOARDS,400 WALL LINING,500 PINE LINING,602 PINE LINING,0497547,PINE CNRBEAD FJ++28X12MM 2.7M MESA,11.0,AU
27,5,300 INDOOR TIMBER AND BOARDS,400 MDF MOULDINGS,500 MDF PRIMED MOULDINGS TTS,600 MDF PRIMED MOULDINGS TTS,8470119,MDF DAR PRIMED++67X12MM 5.4M,10.0,AU
27,6,300 INDOOR TIMBER AND BOARDS,400 MELAMINE,500 MELAMINE BOARDS,600 MELAMINE PARTICLEBOARD,0570030,CUSTOMPINE MELAMINE WHITE E1L++2400X595MM 16MM PRE DRILLED PB,10.0,AU
27,7,300 INDOOR TIMBER AND BOARDS,400 PINE MOULDINGS,500 PINE MOULDINGS TTS,601 PINE MOULDINGS,0020806,PINE DAR FJ PENCIL ROUND CLEAR++92X18MM 5.4M CLEAR 4 EDGE,9.0,AU
27,8,300 INDOOR TIMBER AND BOARDS,400 PINE MOULDINGS,500 TREATED PINE MOULDINGS,600 TREATED PINE MOULDINGS,0497558,PINE DAR H3++31X31MM 2.7M,8.0,AU
27,9,300 INDOOR TIMBER AND BOARDS,400 MDF MOULDINGS,500 MDF PRIMED MOULDINGS,600 MDF PRIMED MOULDINGS,8470575,MDF MOULDING WA COLONIAL++140X18MM 2.7M PRIMED,7.0,AU
27,10,300 INDOOR TIMBER AND BOARDS,400 CUTTING AND SERVICE CHARGE,500 CUTTING AND SERVICE CHARGE,600 CUTTING AND SERVICE CHARGE,0150104,TIMBER SERVICE CHARGES++DOCKING UP TO 150X50MM EA,7.0,AU
28,1,300 INDOOR TIMBER AND BOARDS,400 WALL LINING,500 MDF PANEL LINING,600 MDF PANEL LINING,0493245,MDF MR INT WALL LINING PRIMED++2700X140X12MM EASYCRAFT 302,27.0,AU
28,2,300 INDOOR TIMBER AND BOARDS,400 WALL LINING,500 PINE LINING,602 PINE LINING,0497570,PINE LINING VJ++140X12MM 2.7M,26.0,AU
28,3,300 INDOOR TIMBER AND BOARDS,400 PLYWOOD,500 STRUCTURAL PLYWOOD,600 STRUCTURAL PLYWOOD,0118528,PLYWOOD RED OAK++1200X600X12MM,12.0,AU
28,4,300 INDOOR TIMBER AND BOARDS,400 WALL LINING,500 MDF PANEL LINING,600 MDF PANEL LINING,0493166,MDF MR INT WALL LINING PRIMED++2700X140X12MM EASYCRAFT 321,10.0,AU
28,5,300 INDOOR TIMBER AND BOARDS,400 WALL LINING,500 COMPOSITE LINING,601 COMPOSITE LINING,0509711,CASTELLATED QUICKBOARD++210X21MM 2.7M LIGHT ASH 2PK,10.0,AU
28,6,300 INDOOR TIMBER AND BOARDS,400 CUTTING AND SERVICE CHARGE,500 CUTTING AND SERVICE CHARGE,600 CUTTING AND SERVICE CHARGE,0150002,TIMBER OFFCUTS SHORT++UNDER 1M OR 1200MMX1200MM,9.33,AU
28,7,300 INDOOR TIMBER AND BOARDS,400 HARDWOOD MOULDINGS,500 TASMANIAN OAK MOULDINGS,600 TASMANIAN OAK MOULDINGS,0081238,TAS OAK MOULDING SCOTIA++30X30MM 3.0M SELECT,8.0,AU
28,8,300 INDOOR TIMBER AND BOARDS,400 WALL LINING,500 MDF PANEL LINING,600 MDF PANEL LINING,0493241,CONVEX 30 PRIMED T&G++2700X170X18MM EASYCRFT MRMDF,7.5,AU
28,9,300 INDOOR TIMBER AND BOARDS,400 SPECIALTY BOARDS,500 SOFTBOARDS,600 SOFTBOARDS,0098212,PINBOARD ACOUSTIC++1200X800X9MM BLACK,7.0,AU
28,10,300 INDOOR TIMBER AND BOARDS,400 PINE MOULDINGS,500 PINE PRIMED MOULDINGS TTS,600 PINE PRIMED MOULDINGS TTS,0020772,PINE MOULDING FJ SPLAYED++66X11MM 5.4M PRIMED,6.0,AU
29,1,300 INDOOR TIMBER AND BOARDS,400 WALL LINING,500 PINE LINING,602 PINE LINING,0497563,PINE LINING VJ REG++140X12MM 2.7M,14.0,AU
29,2,300 INDOOR TIMBER AND BOARDS,400 PARTICLE BOARD,500 PARTICLEBOARD,600 PLAIN PARTICLEBOARD,0430853,PART BOARD HANDYMAN PANEL++1200X450X12MM,12.0,AU
29,3,300 INDOOR TIMBER AND BOARDS,400 MDF BOARDS,500 MDF BOARDS TTS,601 PLAIN MDF BOARDS TTS,0590021,CUSTOMWOOD STANDARD PANEL++2400X1200MM 3MM MDF,11.0,AU
29,4,300 INDOOR TIMBER AND BOARDS,400 WALL LINING,500 ACOUSTIC LINING,600 ACOUSTIC LINING,0562495,WALNUT LIGHT BK ACOUSTIC PANEL++2700X600X21MM^,7.0,AU
29,5,300 INDOOR TIMBER AND BOARDS,400 DRESSED PINE,500 DRESSED PINE BULK STACK,600 DRESSED PINE BULK STACK,0165357,PINE SHORTS KD UT++70X35MM 2.4M FRAMESMART,6.6,AU
29,6,300 INDOOR TIMBER AND BOARDS,400 PINE MOULDINGS,500 FJ PINE PRIMED MOULDINGS,600 FJ PINE PRIMED MOULDINGS,8260120,PINE DAR FJ++18X18MM 2.7M PRIMED,6.5,AU
29,7,300 INDOOR TIMBER AND BOARDS,400 MDF BOARDS,500 MDF BOARDS,600 PLAIN MDF BOARDS,0590078,CUSTOMWOOD STANDARD PANEL++1800X900MM 6MM MDF,6.5,AU
29,8,300 INDOOR TIMBER AND BOARDS,400 DRESSED PINE,500 PREMIUM PINE,600 PREMIUM PINE,8401467,PINE DRESSED PREMIUM GRADE++140X19MM 2.4M^,6.0,AU
29,9,300 INDOOR TIMBER AND BOARDS,400 PINE MOULDINGS,500 PINE MOULDINGS,600 PINE MOULDINGS,0097499,PINE MOULDING COVERSTRIP++40X8MM 1.2M CLEAR SQR EDG,6.0,AU
29,10,300 INDOOR TIMBER AND BOARDS,400 PLYWOOD,500 STRUCTURAL PLYWOOD,600 STRUCTURAL PLYWOOD,0340267,PLYWOOD BC PREMIUM++2440X1220X3MM,6.0,AU
30,1,300 INDOOR TIMBER AND BOARDS,400 MDF MOULDINGS,500 MDF PRIMED MOULDINGS,600 MDF PRIMED MOULDINGS,8470538,MDF MOULDING BULLNOSE++67X18MM 2.7M PRIMED,10.0,AU
30,2,300 INDOOR TIMBER AND BOARDS,400 WALL LINING,500 MDF PANEL LINING,600 MDF PANEL LINING,0493170,BATTEN TASMANIAN OAK++2700X38X17MM INBUILT MRMDF,10.0,AU
30,3,300 INDOOR TIMBER AND BOARDS,400 WALL LINING,500 ACOUSTIC LINING,600 ACOUSTIC LINING,0455960,WALNUT TIMBER ACOUSTIC PANEL++2700X600X21MM^,7.0,AU
30,4,300 INDOOR TIMBER AND BOARDS,400 HARDWOOD MOULDINGS,500 MERANTI MOULDINGS,600 MERANTI MOULDINGS,0405070,MERANTI EDGING RND EXTL++30X30MM 2.7M,6.0,AU
30,5,300 INDOOR TIMBER AND BOARDS,400 MDF MOULDINGS,500 MDF PRIMED MOULDINGS TTS,600 MDF PRIMED MOULDINGS TTS,8470044,MDF MOULDING NSW COLONIAL++67X18MM 5.4M PRIMED,6.0,AU
30,6,300 INDOOR TIMBER AND BOARDS,400 MELAMINE,500 MELAMINE BULK STACK,600 MELAMINE BULK STACK,0570020,CUSTOMPINE MELAMINE WHITE E1L++2400X295MM 16MM PB,5.5,AU
30,7,300 INDOOR TIMBER AND BOARDS,400 DRESSED PINE,500 DRESSED PINE BULK STACK,600 DRESSED PINE BULK STACK,0225390,PINE SHORTS++90X35MM 0.9M KD DAR^,5.5,AU
30,8,300 INDOOR TIMBER AND BOARDS,400 HERITAGE STAIR AND FASCIA,500 HERITAGE TIMBER,600 FRIEZES,0094831,BALUSTER DECORATIVE PINE LOSP++93X19MM 950MM FLEUR SH10104,5.0,AU
30,9,300 INDOOR TIMBER AND BOARDS,400 PINE MOULDINGS,500 FJ PINE PRIMED MOULDINGS,600 FJ PINE PRIMED MOULDINGS,8480055,PINE MOULDING FJ PENCIL RND++66X18MM 2.7M PRIMED,5.0,AU
30,10,300 INDOOR TIMBER AND BOARDS,400 WALL LINING,500 MDF PANEL LINING,600 MDF PANEL LINING,0330827,MDF MR PRIMED LINING EASYREG++2400X1200MM 9MM,5.0,AU
31,1,300 INDOOR TIMBER AND BOARDS,400 WALL LINING,500 MDF PANEL LINING,600 MDF PANEL LINING,0493245,MDF MR INT WALL LINING PRIMED++2700X140X12MM EASYCRAFT 302,20.0,AU
31,2,300 INDOOR TIMBER AND BOARDS,400 WALL LINING,500 PINE LINING,602 PINE LINING,0497580,PINE CNRBEAD FJ++28X12MM 2.7M PEAK,10.0,AU
31,3,300 INDOOR TIMBER AND BOARDS,400 WALL LINING,500 PINE LINING,602 PINE LINING,0497570,PINE LINING VJ++140X12MM 2.7M,8.5,AU
31,4,300 INDOOR TIMBER AND BOARDS,400 HARDWOOD MOULDINGS,500 JARRAH MOULDINGS,600 DRESSED JARRAH,0435864,JARRAH DAR++19X19MM 1.2M,7.0,AU
31,5,300 INDOOR TIMBER AND BOARDS,400 SPECIALTY BOARDS,500 MASONITE BOARDS,600 MASONITE BOARDS,0242008,HARDBOARD PACKERS++2052X25X3MM STD,7.0,AU
31,6,300 INDOOR TIMBER AND BOARDS,400 HARDWOOD MOULDINGS,500 TASMANIAN OAK MOULDING TTS,600 TASMANIAN OAK MOULDING TTS,0070530,TAS OAK DAR++110X19MM L/M SELECT,6.7,AU
31,7,300 INDOOR TIMBER AND BOARDS,400 HARDWOOD MOULDINGS,500 HARDWOOD MOULDINGS,600 HARDWOOD MOULDINGS,0497511,GRANDIS DOWEL RND++19X19MM 1.8M,6.0,AU
31,8,300 INDOOR TIMBER AND BOARDS,400 PINE MOULDINGS,500 PINE MOULDINGS,600 PINE MOULDINGS,0097431,PINE DAR SOLID++65X12MM 1.2M CLEAR,6.0,AU
31,9,300 INDOOR TIMBER AND BOARDS,400 WALL LINING,500 MDF PANEL LINING,600 MDF PANEL LINING,0493212,SILHOUETTE CONVEX 35 PRIMED++1200X600X16MM EASYCRFT MRMDF,6.0,AU
31,10,300 INDOOR TIMBER AND BOARDS,400 DRESSED PINE,500 DRESSED PINE BULK STACK,600 DRESSED PINE BULK STACK,0225390,PINE SHORTS++90X35MM 0.9M KD DAR^,5.43,AU
32,1,300 INDOOR TIMBER AND BOARDS,400 MELAMINE,500 MELAMINE COLOURBOARD,600 MELAMINE COLOURBOARD,0093004,MELAMINE COLOURBOARD++2400X1200X3MM ARABICA WOOD,14.0,AU
32,2,300 INDOOR TIMBER AND BOARDS,400 HARDWOOD MOULDINGS,500 HARDWOOD MOULDINGS,600 HARDWOOD MOULDINGS,0497514,GRANDIS DOWEL RND++6X6MM 1.2M,8.0,AU
32,3,300 INDOOR TIMBER AND BOARDS,400 WALL LINING,500 PINE LINING,602 PINE LINING,0497563,PINE LINING VJ REG++140X12MM 2.7M,8.0,AU
32,4,300 INDOOR TIMBER AND BOARDS,400 MDF MOULDINGS,500 MDF PRIMED MOULDINGS,600 MDF PRIMED MOULDINGS,8470545,MDF MOULDING SINGLE BEVEL++67X12MM 2.7M PRIMED SILKTRIM,7.0,AU
32,5,300 INDOOR TIMBER AND BOARDS,400 DRESSED PINE,500 PREMIUM PINE,600 PREMIUM PINE,8401474,PINE DRESSED PREMIUM GRADE++235X19MM 2.4M^,6.0,AU
32,6,300 INDOOR TIMBER AND BOARDS,400 CUTTING AND SERVICE CHARGE,500 CUTTING AND SERVICE CHARGE,600 CUTTING AND SERVICE CHARGE,0150104,TIMBER SERVICE CHARGES++DOCKING UP TO 150X50MM EA,6.0,AU
32,7,300 INDOOR TIMBER AND BOARDS,400 HARDWOOD MOULDINGS,500 TASMANIAN OAK MOULDINGS,600 TASMANIAN OAK MOULDINGS,0081173,TAS OAK MOULDING FLYBEAD++18X6MM 2.4M SELECT HALF RND,6.0,AU
32,8,300 INDOOR TIMBER AND BOARDS,400 CUTTING AND SERVICE CHARGE,500 CUTTING AND SERVICE CHARGE,600 CUTTING AND SERVICE CHARGE,0150003,TIMBER OFFCUTS LONG++OVER 1M OR 1200MMX1200MM,5.0,AU
32,9,300 INDOOR TIMBER AND BOARDS,400 HARDWOOD MOULDINGS,500 MERANTI MOULDINGS,600 MERANTI MOULDINGS,0386939,MERANTI DAR++41X18MM 2.4M,5.0,AU
32,10,300 INDOOR TIMBER AND BOARDS,400 HARDWOOD MOULDINGS,500 MERANTI MOULDINGS,600 MERANTI MOULDINGS,0386938,MERANTI DAR++18X18MM 2.4M,5.0,AU
33,1,300 INDOOR TIMBER AND BOARDS,400 PINE MOULDINGS,500 PINE MOULDINGS,600 PINE MOULDINGS,0087658,PINE MOULDING INSERT MOULD++18X11MM 2.4M CLEAR,14.0,AU
33,2,300 INDOOR TIMBER AND BOARDS,400 PINE MOULDINGS,500 FJ PINE PRIMED MOULDINGS,600 FJ PINE PRIMED MOULDINGS,8260116,PINE MOULDING FJ BEVELLED++92X11MM 2.7M PRIMED,9.0,AU
33,3,300 INDOOR TIMBER AND BOARDS,400 CUTTING AND SERVICE CHARGE,500 CUTTING AND SERVICE CHARGE,600 CUTTING AND SERVICE CHARGE,0150104,TIMBER SERVICE CHARGES++DOCKING UP TO 150X50MM EA,8.0,AU
33,4,300 INDOOR TIMBER AND BOARDS,400 DRESSED PINE,500 DRESSED PINE BULK STACK,600 DRESSED PINE BULK STACK,0225390,PINE SHORTS++90X35MM 0.9M KD DAR^,7.67,AU
33,5,300 INDOOR TIMBER AND BOARDS,400 MDF BOARDS,500 MDF BOARDS,600 PLAIN MDF BOARDS,0590030,MDF STANDARD PANEL++900X600X9MM,7.5,AU
33,6,300 INDOOR TIMBER AND BOARDS,400 PINE MOULDINGS,500 FJ PINE PRIMED MOULDINGS,600 FJ PINE PRIMED MOULDINGS,8480062,PINE DAR FJ++67X11MM 2.7M PRIMED,7.25,AU
33,7,300 INDOOR TIMBER AND BOARDS,400 PINE MOULDINGS,500 FJ PINE PRIMED MOULDINGS,600 FJ PINE PRIMED MOULDINGS,8260112,PINE MOULDING FJ BEVELLED++66X11MM 2.7M PRIMED,6.0,AU
33,8,300 INDOOR TIMBER AND BOARDS,400 PINE MOULDINGS,500 PINE MOULDINGS,600 PINE MOULDINGS,8480020,PINE MOULDING RND EDGING++40X8MM 2.4M CLEAR,6.0,AU
33,9,300 INDOOR TIMBER AND BOARDS,400 PANELS,500 PANELS,600 PANELS,0365268,OKOUME MULTI USE PANEL++1800X405X18MM^,5.0,AU
33,10,300 INDOOR TIMBER AND BOARDS,400 PANELS,500 PANELS,600 PANELS,0595323,BLACKBUTT WALL PANELS FEATURE++915X181X4MM 10PK^,5.0,AU
34,1,300 INDOOR TIMBER AND BOARDS,400 WALL LINING,500 MDF PANEL LINING,600 MDF PANEL LINING,0493185,BATTEN HALF RND NATURAL WOOD++2700X34X17MM INBUILT MRMDF,30.0,AU
34,2,300 INDOOR TIMBER AND BOARDS,400 WALL LINING,500 PINE LINING,602 PINE LINING,0497570,PINE LINING VJ++140X12MM 2.7M,20.0,AU
34,3,300 INDOOR TIMBER AND BOARDS,400 PINE MOULDINGS,500 TREATED PINE MOULDINGS,600 TREATED PINE MOULDINGS,0497520,ARCH LAM FJ++66X18MM 2.7M,15.0,AU
34,4,300 INDOOR TIMBER AND BOARDS,400 PINE MOULDINGS,500 FJ PINE PRIMED MOULDINGS,600 FJ PINE PRIMED MOULDINGS,8260112,PINE MOULDING FJ BEVELLED++66X11MM 2.7M PRIMED,10.5,AU
34,5,300 INDOOR TIMBER AND BOARDS,400 PINE MOULDINGS,500 FJ PINE PRIMED MOULDINGS,600 FJ PINE PRIMED MOULDINGS,8480051,PINE MOULDING FJ COLONIAL++66X18MM 2.7M PRIMED,10.0,AU
34,6,300 INDOOR TIMBER AND BOARDS,400 PINE MOULDINGS,500 FJ PINE PRIMED MOULDINGS,600 FJ PINE PRIMED MOULDINGS,8480054,PINE MOULDING FJ HALF SPLAY++92X18MM 2.7M PRIMED,9.0,AU
34,7,300 INDOOR TIMBER AND BOARDS,400 PINE MOULDINGS,500 FJ PINE PRIMED MOULDINGS,600 FJ PINE PRIMED MOULDINGS,8480056,PINE MOULDING FJ QUAD++19X19MM 2.7M PRIMED,8.0,AU
34,8,300 INDOOR TIMBER AND BOARDS,400 DRESSED PINE,500 DRESSED PINE BULK STACK,600 DRESSED PINE BULK STACK,0138142,PINE SHORTS++70X35MM 0.9M ROM^,7.22,AU
34,9,300 INDOOR TIMBER AND BOARDS,400 DRESSED PINE,500 DRESSED PINE BULK STACK,600 DRESSED PINE BULK STACK,0165357,PINE SHORTS KD UT++70X35MM 2.4M FRAMESMART,6.33,AU
34,10,300 INDOOR TIMBER AND BOARDS,400 HARDWOOD MOULDINGS,500 TASMANIAN OAK MOULDINGS,600 TASMANIAN OAK MOULDINGS,0080225,TAS OAK DAR++65X18MM 1.2M STD+B,6.0,AU
35,1,300 INDOOR TIMBER AND BOARDS,400 BRACING BOARDS TTS,500 HARDWOOD BRACING,600 HARDWOOD BRACING TTS,0488100,PLYBRACE F27 HARDWOOD DD GRADE++2745X900X4MM^,16.0,AU
35,2,300 INDOOR TIMBER AND BOARDS,400 MDF MOULDINGS,500 MDF PRIMED MOULDINGS,600 MDF PRIMED MOULDINGS,8470562,MDF DAR PRIMED++42X12MM 2.7M,15.0,AU
35,3,300 INDOOR TIMBER AND BOARDS,400 MDF MOULDINGS,500 MDF PRIMED MOULDINGS TTS,600 MDF PRIMED MOULDINGS TTS,8470064,MDF MOULDING BEVEL++42X18MM 5.4M PRIMED,15.0,AU
35,4,300 INDOOR TIMBER AND BOARDS,400 PANELS,500 PANELS,600 PANELS,0441547,OKOUME MULTI USE PANEL++1800X600X18MM^,12.0,AU
35,5,300 INDOOR TIMBER AND BOARDS,400 CUTTING AND SERVICE CHARGE,500 CUTTING AND SERVICE CHARGE,600 CUTTING AND SERVICE CHARGE,0150002,TIMBER OFFCUTS SHORT++UNDER 1M OR 1200MMX1200MM,8.0,AU
35,6,300 INDOOR TIMBER AND BOARDS,400 WALL LINING,500 COMPOSITE LINING,601 COMPOSITE LINING,0509710,CASTELLATED QUICKBOARD++210X21MM 2.7M TAS OAK 2PK,8.0,AU
35,7,300 INDOOR TIMBER AND BOARDS,400 WALL LINING,500 PINE LINING,602 PINE LINING,0497563,PINE LINING VJ REG++140X12MM 2.7M,7.0,AU
35,8,300 INDOOR TIMBER AND BOARDS,400 MDF BOARDS,500 MDF BOARDS TTS,601 PLAIN MDF BOARDS TTS,0590059,MDF STANDARD PANEL++2400X1200X16MM,6.0,AU
35,9,300 INDOOR TIMBER AND BOARDS,400 CUTTING AND SERVICE CHARGE,500 CUTTING AND SERVICE CHARGE,600 CUTTING AND SERVICE CHARGE,0150104,TIMBER SERVICE CHARGES++DOCKING UP TO 150X50MM EA,6.0,AU
35,10,300 INDOOR TIMBER AND BOARDS,400 PINE MOULDINGS,500 FJ PINE PRIMED MOULDINGS,600 FJ PINE PRIMED MOULDINGS,8480053,PINE MOULDING FJ HALF SPLAY++66X18MM 2.7M PRIMED,6.0,AU
36,1,300 INDOOR TIMBER AND BOARDS,400 PINE MOULDINGS,500 FJ PINE PRIMED MOULDINGS,600 FJ PINE PRIMED MOULDINGS,8480056,PINE MOULDING FJ QUAD++19X19MM 2.7M PRIMED,18.0,AU
36,2,300 INDOOR TIMBER AND BOARDS,400 MDF MOULDINGS,500 MDF PRIMED MOULDINGS,600 MDF PRIMED MOULDINGS,8470551,MDF MOULDING LAMBS TONGUE++92X18MM 2.7M PRIMED,13.0,AU
36,3,300 INDOOR TIMBER AND BOARDS,400 SPECIALTY BOARDS,500 FLUTE BOARDS,600 FLUTE BOARDS,0495494,CORFLUTE++1200X900X5MM RED,12.0,AU
36,4,300 INDOOR TIMBER AND BOARDS,400 MELAMINE,500 MELAMINE BULK STACK,600 MELAMINE BULK STACK,0570017,CUSTOMPINE MELAMINE WHITE E1L++1800X445MM 16MM PB,8.0,AU
36,5,300 INDOOR TIMBER AND BOARDS,400 MELAMINE,500 MELAMINE BOARDS,600 MELAMINE PARTICLEBOARD,0570029,CUSTOMPINE MELAMINE WHITE E1L++2400X445MM 16MM PRE DRILLED PB,8.0,AU
36,6,300 INDOOR TIMBER AND BOARDS,400 PLYWOOD,500 STRUCTURAL PLYWOOD TTS,600 STRUCTURAL PLYWOOD TTS,0354353,PLYWOOD NON-STRUCTURAL CD++2400X1200X12MM^,7.0,AU
36,7,300 INDOOR TIMBER AND BOARDS,400 DRESSED PINE,500 DRESSED PINE BULK STACK,600 DRESSED PINE BULK STACK,0225390,PINE SHORTS++90X35MM 0.9M KD DAR^,6.5,AU
36,8,300 INDOOR TIMBER AND BOARDS,400 HARDWOOD MOULDINGS,500 MERANTI MOULDINGS,600 MERANTI MOULDINGS,8360098,MERANTI SCOTIA++32X8MM 3.0M,6.0,AU
36,9,300 INDOOR TIMBER AND BOARDS,400 WALL LINING,500 ACOUSTIC LINING,600 ACOUSTIC LINING,0455959,NAT OAK TIMBER ACOUSTIC PANEL++2700X600X21MM^,6.0,AU
36,10,300 INDOOR TIMBER AND BOARDS,400 SPECIALTY BOARDS,500 MASONITE BOARDS,600 MASONITE BOARDS,0242008,HARDBOARD PACKERS++2052X25X3MM STD,6.0,AU
37,1,300 INDOOR TIMBER AND BOARDS,400 MDF MOULDINGS,500 MDF PRIMED MOULDINGS,600 MDF PRIMED MOULDINGS,8470539,MDF MOULDING BULLNOSE++92X18MM 2.7M PRIMED,17.0,AU
37,2,300 INDOOR TIMBER AND BOARDS,400 WALL LINING,500 MDF PANEL LINING,600 MDF PANEL LINING,0493222,MDF MR INT WALL LINING PRIMED++2700X133X12MM EASYCRAFT SHLAP,15.67,AU
37,3,300 INDOOR TIMBER AND BOARDS,400 MDF MOULDINGS,500 MDF PRIMED MOULDINGS,600 MDF PRIMED MOULDINGS,0620072,MDF MOULDING BULLNOSE++42X12MM 2.7M PRIMED SILKTRIM,13.0,AU
37,4,300 INDOOR TIMBER AND BOARDS,400 CUTTING AND SERVICE CHARGE,500 CUTTING AND SERVICE CHARGE,600 CUTTING AND SERVICE CHARGE,0150002,TIMBER OFFCUTS SHORT++UNDER 1M OR 1200MMX1200MM,7.0,AU
37,5,300 INDOOR TIMBER AND BOARDS,400 DRESSED PINE,500 PREMIUM PINE,600 PREMIUM PINE,8401462,PINE DRESSED PREMIUM GRADE++64X19MM 3.0M^,5.0,AU
37,6,300 INDOOR TIMBER AND BOARDS,400 WALL LINING,500 PINE LINING,602 PINE LINING,0497570,PINE LINING VJ++140X12MM 2.7M,5.0,AU
37,7,300 INDOOR TIMBER AND BOARDS,400 HARDWOOD MOULDINGS,500 MERANTI MOULDINGS,600 MERANTI MOULDINGS,0386934,MERANTI DAR++18X18MM 2.7M,5.0,AU
37,8,300 INDOOR TIMBER AND BOARDS,400 DRESSED PINE,500 DRESSED PINE BULK STACK,600 DRESSED PINE BULK STACK,0165357,PINE SHORTS KD UT++70X35MM 2.4M FRAMESMART,5.0,AU
37,9,300 INDOOR TIMBER AND BOARDS,400 DRESSED PINE,500 DRESSED PINE BULK STACK,600 DRESSED PINE BULK STACK,0138142,PINE SHORTS++70X35MM 0.9M ROM^,4.91,AU
37,10,300 INDOOR TIMBER AND BOARDS,400 MELAMINE,500 MELAMINE BULK STACK,600 MELAMINE BULK STACK,0570021,CUSTOMPINE MELAMINE WHITE E1L++2400X445MM 16MM PB,4.25,AU
38,1,300 INDOOR TIMBER AND BOARDS,400 PINE MOULDINGS,500 PINE PRIMED MOULDINGS TTS,600 PINE PRIMED MOULDINGS TTS,0020761,PINE MOULDING FJ BULLNOSE++66X18MM 5.4M PRIMED,25.0,AU
38,2,300 INDOOR TIMBER AND BOARDS,400 PINE MOULDINGS,500 FJ PINE PRIMED MOULDINGS,600 FJ PINE PRIMED MOULDINGS,8480072,PINE MOULDING FJ COLONIAL++42X11MM 2.7M PRIMED,14.0,AU
38,3,300 INDOOR TIMBER AND BOARDS,400 DRESSED PINE,500 DRESSED PINE BULK STACK,600 DRESSED PINE BULK STACK,0165357,PINE SHORTS KD UT++70X35MM 2.4M FRAMESMART,9.5,AU
38,4,300 INDOOR TIMBER AND BOARDS,400 WALL LINING,500 PINE LINING,602 PINE LINING,0497570,PINE LINING VJ++140X12MM 2.7M,8.0,AU
38,5,300 INDOOR TIMBER AND BOARDS,400 BRACING BOARDS TTS,500 OSB BRACING,600 OSB BRACING TTS,0166653,BRACEBOARD OSB++3050X1200X6MM,8.0,AU
38,6,300 INDOOR TIMBER AND BOARDS,400 DRESSED PINE,500 DRESSED PINE,600 DRESSED PINE,0021181,PINE DAR++42X42MM 1.2M STD+B,8.0,AU
38,7,300 INDOOR TIMBER AND BOARDS,400 PINE MOULDINGS,500 PINE PRIMED MOULDINGS TTS,600 PINE PRIMED MOULDINGS TTS,0020750,PINE PRIMED DAR FJ++66X18MM 5.4M,7.0,AU
38,8,300 INDOOR TIMBER AND BOARDS,400 WALL LINING,500 PINE LINING,602 PINE LINING,0497507,PINE LINING FJ++84X12MM 2.7M DUNE,7.0,AU
38,9,300 INDOOR TIMBER AND BOARDS,400 DRESSED PINE,500 DRESSED PINE BULK STACK,600 DRESSED PINE BULK STACK,8401046,PINE SHORTS++70X35MM 0.9M ROM,6.8,AU
38,10,300 INDOOR TIMBER AND BOARDS,400 PINE MOULDINGS,500 FJ PINE PRIMED MOULDINGS,600 FJ PINE PRIMED MOULDINGS,8480053,PINE MOULDING FJ HALF SPLAY++66X18MM 2.7M PRIMED,6.0,AU
39,1,300 INDOOR TIMBER AND BOARDS,400 CUTTING AND SERVICE CHARGE,500 CUTTING AND SERVICE CHARGE,600 CUTTING AND SERVICE CHARGE,0150002,TIMBER OFFCUTS SHORT++UNDER 1M OR 1200MMX1200MM,10.5,AU
39,2,300 INDOOR TIMBER AND BOARDS,400 WALL LINING,500 ACOUSTIC LINING,600 ACOUSTIC LINING,0455961,BLK OAK TIMBER ACOUSTIC PANEL++2700X600X21MM^,8.0,AU
39,3,300 INDOOR TIMBER AND BOARDS,400 CUTTING AND SERVICE CHARGE,500 CUTTING AND SERVICE CHARGE,600 CUTTING AND SERVICE CHARGE,0150170,TIMBER SERVICE CHARGES++CUTTING SHEET MATERIAL PER CUT,7.17,AU
39,4,300 INDOOR TIMBER AND BOARDS,400 DRESSED PINE,500 DRESSED PINE,600 DRESSED PINE,0756723,PINE DAR PISB++70X30MM 1.2M S&B,7.0,AU
39,5,300 INDOOR TIMBER AND BOARDS,400 WALL LINING,500 ACOUSTIC LINING,600 ACOUSTIC LINING,0455960,WALNUT TIMBER ACOUSTIC PANEL++2700X600X21MM^,6.0,AU
39,6,300 INDOOR TIMBER AND BOARDS,400 PINE MOULDINGS,500 FJ PINE PRIMED MOULDINGS,600 FJ PINE PRIMED MOULDINGS,8480065,PINE MOULDING FJ SCOTIA++30X30MM 2.7M PRIMED,5.5,AU
39,7,300 INDOOR TIMBER AND BOARDS,400 PINE MOULDINGS,500 FJ PINE PRIMED MOULDINGS,600 FJ PINE PRIMED MOULDINGS,8480059,PINE DAR FJ++30X11MM 2.7M PRIMED,5.0,AU
39,8,300 INDOOR TIMBER AND BOARDS,400 PLYWOOD,500 FORMPLY TTS,600 FORMPLY TTS,0340319,FILM FACE PLY++2400X1200X17MM^,5.0,AU
39,9,300 INDOOR TIMBER AND BOARDS,400 WALL LINING,500 PINE LINING,602 PINE LINING,0497563,PINE LINING VJ REG++140X12MM 2.7M,4.0,AU
39,10,300 INDOOR TIMBER AND BOARDS,400 DRESSED PINE,500 DRESSED PINE,600 DRESSED PINE,0756712,PINE DAR PISB++30X30MM 1.2M S&B,4.0,AU
40,1,300 INDOOR TIMBER AND BOARDS,400 MDF MOULDINGS,500 MDF PRIMED MOULDINGS,600 MDF PRIMED MOULDINGS,0620077,MDF MOULDING DAR SQUARE 4EDGE++42X18MM 2.7M PRIMED SILKTRIM,20.0,AU
40,2,300 INDOOR TIMBER AND BOARDS,400 WALL LINING,500 ACOUSTIC LINING,600 ACOUSTIC LINING,0455961,BLK OAK TIMBER ACOUSTIC PANEL++2700X600X21MM^,14.0,AU
40,3,300 INDOOR TIMBER AND BOARDS,400 WALL LINING,500 PINE LINING,602 PINE LINING,0497570,PINE LINING VJ++140X12MM 2.7M,12.5,AU
40,4,300 INDOOR TIMBER AND BOARDS,400 PINE MOULDINGS,500 FJ PINE PRIMED MOULDINGS,600 FJ PINE PRIMED MOULDINGS,8480070,PINE MOULDING FJ COLONIAL++138X18MM 2.7M PRIMED,10.0,AU
40,5,300 INDOOR TIMBER AND BOARDS,400 DRESSED PINE,500 DRESSED PINE BULK STACK,600 DRESSED PINE BULK STACK,0165357,PINE SHORTS KD UT++70X35MM 2.4M FRAMESMART,9.4,AU
40,6,300 INDOOR TIMBER AND BOARDS,400 PANELS,500 PANELS,600 PANELS,8330198,BEECH FJ LAM PANEL++1800X405X18MM^,8.0,AU
40,7,300 INDOOR TIMBER AND BOARDS,400 PINE MOULDINGS,500 FJ PINE PRIMED MOULDINGS,600 FJ PINE PRIMED MOULDINGS,8480054,PINE MOULDING FJ HALF SPLAY++92X18MM 2.7M PRIMED,8.0,AU
40,8,300 INDOOR TIMBER AND BOARDS,400 DRESSED PINE,500 DRESSED PINE,600 DRESSED PINE,0756716,PINE DAR PISB++42X30MM 1.2M S&B,7.0,AU
40,9,300 INDOOR TIMBER AND BOARDS,400 WALL LINING,500 COMPOSITE LINING,601 COMPOSITE LINING,0497633,QUICKBOARD PVC VJ HOLLOW++300X9MM 2.7M CEDAR 2PK,7.0,AU
40,10,300 INDOOR TIMBER AND BOARDS,400 DRESSED PINE,500 PREMIUM PINE,600 PREMIUM PINE,8401458,PINE DRESSED PREMIUM GRADE++42X19MM 2.4M^,6.75,AU
41,1,300 INDOOR TIMBER AND BOARDS,400 DRESSED PINE,500 DRESSED PINE,600 DRESSED PINE,0756712,PINE DAR PISB++30X30MM 1.2M S&B,10.0,AU
41,2,300 INDOOR TIMBER AND BOARDS,400 PINE MOULDINGS,500 PINE PRIMED MOULDINGS TTS,600 PINE PRIMED MOULDINGS TTS,0021147,PINE PRIMED DAR FJ++66X11MM 5.4M,8.0,AU
41,3,300 INDOOR TIMBER AND BOARDS,400 HARDWOOD MOULDINGS,500 TASMANIAN OAK MOULDINGS,600 TASMANIAN OAK MOULDINGS,0080591,TAS OAK MOULDING QUAD++9X9MM 2.4M SELECT,8.0,AU
41,4,300 INDOOR TIMBER AND BOARDS,400 PLYWOOD,500 FORMPLY TTS,600 FORMPLY TTS,0390220,FORMPLY F17++1800X1200X17MM^,7.5,AU
41,5,300 INDOOR TIMBER AND BOARDS,400 DRESSED PINE,500 PREMIUM PINE,600 PREMIUM PINE,8401462,PINE DRESSED PREMIUM GRADE++64X19MM 3.0M^,7.0,AU
41,6,300 INDOOR TIMBER AND BOARDS,400 PINE MOULDINGS,500 PINE PRIMED MOULDINGS TTS,600 PINE PRIMED MOULDINGS TTS,0020752,PINE PRIMED DAR FJ++110X18MM 5.4M,6.0,AU
41,7,300 INDOOR TIMBER AND BOARDS,400 PINE MOULDINGS,500 PINE PRIMED MOULDINGS TTS,600 PINE PRIMED MOULDINGS TTS,0020885,PINE PRIMED DAR FJ++31X11MM 5.4M,6.0,AU
41,8,300 INDOOR TIMBER AND BOARDS,400 BRACING BOARDS TTS,500 OSB BRACING,600 OSB BRACING TTS,0495496,OSB PANEL++1200X410X12MM,6.0,AU
41,9,300 INDOOR TIMBER AND BOARDS,400 DRESSED PINE,500 PREMIUM PINE,600 PREMIUM PINE,8400071,PINE DRESSED STANDARD GRADE++90X19MM 3.0M,6.0,AU
41,10,300 INDOOR TIMBER AND BOARDS,400 PINE MOULDINGS,500 FJ PINE PRIMED MOULDINGS,600 FJ PINE PRIMED MOULDINGS,8480080,PINE MOULDING FJ COLONIAL++66X11MM 2.7M PRIMED,5.5,AU
42,1,300 INDOOR TIMBER AND BOARDS,400 PLYWOOD,500 STRUCTURAL PLYWOOD TTS,600 STRUCTURAL PLYWOOD TTS,0354353,PLYWOOD NON-STRUCTURAL CD++2400X1200X12MM^,16.0,AU
42,2,300 INDOOR TIMBER AND BOARDS,400 PINE MOULDINGS,500 PINE PRIMED MOULDINGS TTS,600 PINE PRIMED MOULDINGS TTS,0020840,PINE MOULDING FJ COLONIAL SA1++66X11MM 5.4M PRIMED,14.0,AU
42,3,300 INDOOR TIMBER AND BOARDS,400 WALL LINING,500 MDF PANEL LINING,600 MDF PANEL LINING,0493245,MDF MR INT WALL LINING PRIMED++2700X140X12MM EASYCRAFT 302,12.0,AU
42,4,300 INDOOR TIMBER AND BOARDS,400 WALL LINING,500 MDF PANEL LINING,600 MDF PANEL LINING,0493256,RAW EMBOSSED OAK T&G++2700X145X12MM INBUILT MRMDF,10.0,AU
42,5,300 INDOOR TIMBER AND BOARDS,400 PINE MOULDINGS,500 PINE MOULDINGS,600 PINE MOULDINGS,8480022,PINE MOULDING SQR EDGING++20X8MM 2.4M CLEAR,10.0,AU
42,6,300 INDOOR TIMBER AND BOARDS,400 PINE MOULDINGS,500 PINE MOULDINGS,600 PINE MOULDINGS,8480023,PINE MOULDING SQR EDGING++30X8MM 2.4M CLEAR,10.0,AU
42,7,300 INDOOR TIMBER AND BOARDS,400 PANELS,500 PANELS BULK STACK,600 PANELS BULK STACK,0637111,KARRI MULTI USE TIMBER PANEL++1800X405X18MM^,8.0,AU
42,8,300 INDOOR TIMBER AND BOARDS,400 PINE MOULDINGS,500 PINE MOULDINGS,600 PINE MOULDINGS,0087658,PINE MOULDING INSERT MOULD++18X11MM 2.4M CLEAR,8.0,AU
42,9,300 INDOOR TIMBER AND BOARDS,400 HERITAGE STAIR AND FASCIA,500 STAIRCASE,600 EXTERNAL BALUSTRADING,8401321,BALUSTRADING PINE DAR H3 FJ++42X31MM 5.4M EXT PRIMED,7.0,AU
42,10,300 INDOOR TIMBER AND BOARDS,400 CUTTING AND SERVICE CHARGE,500 CUTTING AND SERVICE CHARGE,600 CUTTING AND SERVICE CHARGE,0150104,TIMBER SERVICE CHARGES++DOCKING UP TO 150X50MM EA,7.0,AU
43,1,300 INDOOR TIMBER AND BOARDS,400 PINE MOULDINGS,500 PINE PRIMED MOULDINGS TTS,600 PINE PRIMED MOULDINGS TTS,8401316,PINE MOULDING FJ D MOULD++31X8MM 5.4M CLEAR,20.0,AU
43,2,300 INDOOR TIMBER AND BOARDS,400 WALL LINING,500 PINE LINING,602 PINE LINING,0497563,PINE LINING VJ REG++140X12MM 2.7M,16.0,AU
43,3,300 INDOOR TIMBER AND BOARDS,400 DRESSED PINE,500 PREMIUM PINE,600 PREMIUM PINE,8401459,PINE DRESSED PREMIUM GRADE++42X19MM 3.0M^,11.5,AU
43,4,300 INDOOR TIMBER AND BOARDS,400 MDF MOULDINGS,500 MDF PRIMED MOULDINGS,600 MDF PRIMED MOULDINGS,8470548,MDF MOULDING COLONIAL++67X18MM 2.7M PRIMED,10.0,AU
43,5,300 INDOOR TIMBER AND BOARDS,400 PANELS,500 PANELS,600 PANELS,0615752,SAGE VJ100 DECORATIVE PANEL++2700X600X9MM^,10.0,AU
43,6,300 INDOOR TIMBER AND BOARDS,400 MDF MOULDINGS,500 MDF PRIMED MOULDINGS TTS,600 MDF PRIMED MOULDINGS TTS,8470074,MDF MOULDING COLONIAL++67X18MM 5.4M PRIMED,8.0,AU
43,7,300 INDOOR TIMBER AND BOARDS,400 HARDWOOD MOULDINGS,500 TASMANIAN OAK MOULDINGS,600 TASMANIAN OAK MOULDINGS,0070083,TAS OAK MOULDING BULLNOSE++65X19MM 2.4M,7.0,AU
43,8,300 INDOOR TIMBER AND BOARDS,400 PINE MOULDINGS,500 PINE MOULDINGS,600 PINE MOULDINGS,0091883,PINE MOULDING INSERT MOULD++23X8MM 2.4M CLEAR,7.0,AU
43,9,300 INDOOR TIMBER AND BOARDS,400 PINE MOULDINGS,500 FJ PINE PRIMED MOULDINGS,600 FJ PINE PRIMED MOULDINGS,8480051,PINE MOULDING FJ COLONIAL++66X18MM 2.7M PRIMED,6.0,AU
43,10,300 INDOOR TIMBER AND BOARDS,400 PINE MOULDINGS,500 FJ PINE PRIMED MOULDINGS,600 FJ PINE PRIMED MOULDINGS,8480052,PINE MOULDING FJ COLONIAL++92X18MM 2.7M PRIMED,6.0,AU
44,1,300 INDOOR TIMBER AND BOARDS,400 WALL LINING,500 MDF PANEL LINING,600 MDF PANEL LINING,0493161,COVE 30 PRIMED T&G++2700X170X18MM EASYCRFT MRMDF,15.0,AU
44,2,300 INDOOR TIMBER AND BOARDS,400 MDF MOULDINGS,500 MDF PRIMED MOULDINGS,600 MDF PRIMED MOULDINGS,8470562,MDF DAR PRIMED++42X12MM 2.7M,12.0,AU
44,3,300 INDOOR TIMBER AND BOARDS,400 PINE MOULDINGS,500 PINE MOULDINGS,600 PINE MOULDINGS,0081628,PINE MOULDING QUAD++19X19MM 2.4M CLEAR,10.0,AU
44,4,300 INDOOR TIMBER AND BOARDS,400 PINE MOULDINGS,500 PINE PRIMED MOULDINGS TTS,600 PINE PRIMED MOULDINGS TTS,0020749,PINE PRIMED DAR FJ++42X18MM 5.4M,9.0,AU
44,5,300 INDOOR TIMBER AND BOARDS,400 DRESSED PINE,500 DRESSED PINE,600 DRESSED PINE,0021163,PINE DAR++140X12MM 1.2M STD+B,8.0,AU
44,6,300 INDOOR TIMBER AND BOARDS,400 HARDWOOD MOULDINGS,500 HARDWOOD MOULDINGS,600 HARDWOOD MOULDINGS,0497526,GRANDIS DOWEL RND++8X8MM 1.8M,8.0,AU
44,7,300 INDOOR TIMBER AND BOARDS,400 MDF MOULDINGS,500 MDF PRIMED MOULDINGS TTS,600 MDF PRIMED MOULDINGS TTS,8470038,MDF DAR PRIMED++92X18MM 5.4M,7.0,AU
44,8,300 INDOOR TIMBER AND BOARDS,400 BRACING BOARDS TTS,500 HARDWOOD BRACING,600 HARDWOOD BRACING TTS,0488093,PLYBRACE F27 HARDWOOD DD GRADE++2440X1200X4MM^,7.0,AU
44,9,300 INDOOR TIMBER AND BOARDS,400 PLYWOOD,500 FORMPLY TTS,600 FORMPLY TTS,0340319,FILM FACE PLY++2400X1200X17MM^,7.0,AU
44,10,300 INDOOR TIMBER AND BOARDS,400 WALL LINING,500 WALL LINING TTS,603 PINE LINING,0517521,ANTARA LINING BRD++140X12MM 4.8M 321 UNPRIMED,6.0,AU
45,1,300 INDOOR TIMBER AND BOARDS,400 DRESSED PINE,500 PREMIUM PINE,600 PREMIUM PINE,8401464,PINE DRESSED PREMIUM GRADE++89X19MM 2.4M^,12.0,AU
45,2,300 INDOOR TIMBER AND BOARDS,400 MDF BOARDS,500 MDF BOARDS,600 PLAIN MDF BOARDS,0590074,CUSTOMWOOD STANDARD PANEL++1800X900MM 3MM MDF,12.0,AU
45,3,300 INDOOR TIMBER AND BOARDS,400 WALL LINING,500 PINE LINING,602 PINE LINING,0616070,PINE PRIMED LINING SHIPLAP++133X12MM 2.7M,12.0,AU
45,4,300 INDOOR TIMBER AND BOARDS,400 MDF BOARDS,500 MDF BOARDS TTS,601 PLAIN MDF BOARDS,0590055,MDF STANDARD PANEL++2440X1220X6MM,11.0,AU
45,5,300 INDOOR TIMBER AND BOARDS,400 HARDWOOD MOULDINGS,500 TASMANIAN OAK MOULDING TTS,600 TASMANIAN OAK MOULDING TTS,0073297,TAS OAK DAR++30X12MM R/L L/M,10.5,AU
45,6,300 INDOOR TIMBER AND BOARDS,400 PANELS,500 PANELS,600 PANELS,0615755,GREY HEXAGON ADHESIVE TILE++260X300X9MM 12PK^,10.0,AU
45,7,300 INDOOR TIMBER AND BOARDS,400 CUTTING AND SERVICE CHARGE,500 CUTTING AND SERVICE CHARGE,600 CUTTING AND SERVICE CHARGE,0150003,TIMBER OFFCUTS LONG++OVER 1M OR 1200MMX1200MM,10.0,AU
45,8,300 INDOOR TIMBER AND BOARDS,400 PINE MOULDINGS,500 PINE PRIMED MOULDINGS TTS,600 PINE PRIMED MOULDINGS TTS,0020748,PINE MOULDING FJ QUAD++18X18MM 5.4M PRIMED,10.0,AU
45,9,300 INDOOR TIMBER AND BOARDS,400 PINE MOULDINGS,500 FJ PINE PRIMED MOULDINGS,600 FJ PINE PRIMED MOULDINGS,8480077,PINE MOULDING FJ COLONIAL++42X18MM 2.7M PRIMED,7.0,AU
45,10,300 INDOOR TIMBER AND BOARDS,400 WALL LINING,500 MDF PANEL LINING,600 MDF PANEL LINING,0493236,STRUCTAPANEL VJ150 PINK H2++2400X1200MM 12MM PARTICLEBOARD,7.0,AU
26,1,300 INDOOR TIMBER AND BOARDS,400 PINE MOULDINGS,500 PINE MOULDINGS UT EACH,600 PINE MLD UT EACH FJ D4S,0315477,MLD RAD FJ UT 26++30X10 D4S 2.7M,22.0,NZ
26,2,300 INDOOR TIMBER AND BOARDS,400 PINE MOULDINGS,500 PINE MOULDINGS UT EACH,600 PINE MLD UT EACH FJ,0307442,MLD RAD FJ UT 8++40MM BEV CORN 5.4M,7.0,NZ
26,3,300 INDOOR TIMBER AND BOARDS,400 PINE MOULDINGS,500 PINE MOULDINGS UT CTL,600 PNE MLD UT CTL CLR D4S TRD,0293200,40X 10 CLR PINE UT++D4S 2.4M,5.33,NZ
26,4,300 INDOOR TIMBER AND BOARDS,400 PINE MOULDINGS,500 PINE MOULDINGS UT CTL,600 PNE MLD UT CTL CLR D4S TRD,0293220,90X 10 CLR PINE UT++D4S 1.2M,5.0,NZ
26,5,300 INDOOR TIMBER AND BOARDS,400 PINE MOULDINGS,500 PINE MOULDINGS UT CTL,600 PNE MLD UT CTL CLR D4S TRD,0293197,40X 10 CLR PINE UT++D4S 1.8M,4.0,NZ
26,6,300 INDOOR TIMBER AND BOARDS,400 MDF BOARDS,500 MDF BOARDS,600 MDF STD PANELLINE,0638433,MDF V-GROOVED PP SQUARE EDGED++2400X1200X9MM,4.0,NZ
26,7,300 INDOOR TIMBER AND BOARDS,400 HERITAGE STAIR AND FASCIA,500 HERITAGE TIMBER,600 FURNITURE LEGS,0294396,87MM CLR PINE UT++FEET OXFORD FO87,4.0,NZ
26,8,300 INDOOR TIMBER AND BOARDS,400 PINE MOULDINGS,500 PINE MOULDINGS UT CTL,600 PINE UT CTL CLR D4S,0293363,42X 42 CLR PINE UT++D4S 0.9M,3.75,NZ
26,9,300 INDOOR TIMBER AND BOARDS,400 MDF BOARDS,500 MDF CUT PANELS,600 MDF CUT PANELS,0294547,MDF HANDYPANEL++1800X600X18MM,3.5,NZ
26,10,300 INDOOR TIMBER AND BOARDS,400 PINE MOULDINGS,500 PINE MOULDINGS UT CTL,600 PINE UT CTL PREM D4S,0132640,180X18 PREM PINE++UT KD D4S 1.8M,3.5,NZ
27,1,300 INDOOR TIMBER AND BOARDS,400 PINE MOULDINGS,500 PINE MOULDINGS UT CTL,600 PINE MLD UT CTL CLR,0293524,HALF ROUND 18X6MM++CLR PINE UT 2.4M,10.0,NZ
27,2,300 INDOOR TIMBER AND BOARDS,400 PINE MOULDINGS,500 PINE MOULDINGS UT CTL,600 PNE MLD UT CTL CLR D4S TRD,0293177,30X 10 CLR PINE UT++D4S 0.9M,8.5,NZ
27,3,300 INDOOR TIMBER AND BOARDS,400 PINE MOULDINGS,500 THERMALLY MOD PINE CTL,600 THERM MOD PINE PREM D4S,0674080,THERMALLY MODIFIED PREM RAD++40X18X1.2M KD D4S,6.0,NZ
27,4,300 INDOOR TIMBER AND BOARDS,400 PANELS,500 PANELS,600 EXOTIC PANELS,0455952,OAK TIMBER ACOUSTIC PANEL++2400X600X21MM^,6.0,NZ
27,5,300 INDOOR TIMBER AND BOARDS,400 PINE MOULDINGS,500 PINE MOULDINGS UT CTL,600 PINE UT CTL CLR D4S,0293379,65X 32 CLR PINE UT++D4S 0.9M,6.0,NZ
27,6,300 INDOOR TIMBER AND BOARDS,400 PANELS,500 PANELS,600 EXOTIC PANELS,0590583,OAK LIGHT BACKING ACOUSTIC++PANEL 2400X600X21MM^,5.5,NZ
27,7,300 INDOOR TIMBER AND BOARDS,400 PINE MOULDINGS,500 PINE MOULDINGS UT CTL,600 PINE UT CTL PREM D4S,0132700,65X42 CLR PINE++UT KD D4S 2.4M,5.0,NZ
27,8,300 INDOOR TIMBER AND BOARDS,400 MDF BOARDS,500 MDF CUT PANELS,600 MDF CUT PANELS,0294556,MDF HANDYPANEL++2400X600X18MM,4.0,NZ
27,9,300 INDOOR TIMBER AND BOARDS,400 PINE MOULDINGS,500 PINE MOULDINGS UT CTL,600 PINE MLD UT CTL CLR,0293486,40MM CLR PINE BEVEL++CORNICE UT 2.4M,4.0,NZ
27,10,300 INDOOR TIMBER AND BOARDS,400 PINE MOULDINGS,500 PINE MOULDINGS UT CTL,600 PINE UT CTL CLR D4S,0293391,90X 32 CLR PINE UT++D4S 0.9M,4.0,NZ
28,1,300 INDOOR TIMBER AND BOARDS,400 PINE MOULDINGS,500 PINE MOULDINGS TREATED CTL,600 PINE MLD TRTD CTL CLR,0293422,22MM CLR PINE EXT++ANGLE H3.2 KD 2.4M,10.0,NZ
28,2,300 INDOOR TIMBER AND BOARDS,400 PANELS,500 PANELS,600 EXOTIC PANELS,8330041,BEECH FJ LAM PANEL++2200X600X26MM^,10.0,NZ
28,3,300 INDOOR TIMBER AND BOARDS,400 PINE MOULDINGS,500 PINE MOULDINGS UT CTL,600 PINE MLD UT CTL CLR,0293458,QUAD 18MM CLR PINE++UT 2.4M,8.0,NZ
28,4,300 INDOOR TIMBER AND BOARDS,400 PINE MOULDINGS,500 PINE MOULDINGS UT CTL,600 PNE MLD UT CTL CLR D4S TRD,0293223,90X 10 CLR PINE UT++D4S 1.8M,6.0,NZ
28,5,300 INDOOR TIMBER AND BOARDS,400 PINE MOULDINGS,500 PINE MOULDINGS UT CTL,600 PINE MLD UT CTL CLR,0293567,60X 10 CLR PINE BULL++NOSE ARCH UT 2.4M,5.0,NZ
28,6,300 INDOOR TIMBER AND BOARDS,400 MDF MOULDINGS,500 MDF MOULDINGS EACH,600 MDF MOULDING PP EACH,0315636,MLD HMR MDF P/P 32++BEV ARCH 90X12 5.4M,5.0,NZ
28,7,300 INDOOR TIMBER AND BOARDS,400 CUTTING AND SERVICE CHARGE,500 CUTTING AND SERVICE CHARGE,600 CUTTING AND SERVICE CHARGE,0150003,TIMBER OFF CUT LONG++OVER 1M OR 1200X1200,5.0,NZ
28,8,300 INDOOR TIMBER AND BOARDS,400 MDF BOARDS,500 MDF CUT PANELS,600 MDF CUT PANELS,0294544,MDF HANDYPANEL++1800X400X18MM,4.5,NZ
28,9,300 INDOOR TIMBER AND BOARDS,400 MDF BOARDS,500 MDF BOARDS,600 MDF THINBOARD,0088451,MDF THINBOARD++2440X1220X3MM,4.5,NZ
28,10,300 INDOOR TIMBER AND BOARDS,400 PINE MOULDINGS,500 PINE MOULDINGS UT CTL,600 PINE UT CTL PREM D4S,0132618,40X18 PREM PINE++UT KD D4S 1.8M,4.33,NZ
29,1,300 INDOOR TIMBER AND BOARDS,400 PLYWOOD,500 PLYWOOD SHEETS OTHER,600 PLYWOOD MARINE,0345104,PLYWOOD NON-STRUCT OKOUME++2400X1200X9MM,10.25,NZ
29,2,300 INDOOR TIMBER AND BOARDS,400 PINE MOULDINGS,500 PINE MOULDINGS UT CTL,600 PINE UT CTL CLR D4S,0293385,65X 32 CLR PINE UT++D4S 1.8M,8.0,NZ
29,3,300 INDOOR TIMBER AND BOARDS,400 PINE MOULDINGS,500 PINE MOULDINGS UT CTL,600 PINE UT CTL PREM D4S,0132618,40X18 PREM PINE++UT KD D4S 1.8M,5.0,NZ
29,4,300 INDOOR TIMBER AND BOARDS,400 MDF BOARDS,500 MDF CUT PANELS,600 MDF CUT PANELS,0294547,MDF HANDYPANEL++1800X600X18MM,5.0,NZ
29,5,300 INDOOR TIMBER AND BOARDS,400 PINE MOULDINGS,500 PINE MOULDINGS UT EACH,600 PINE MLD UT EACH FJ,0315312,MLD RAD FJ UT 35++90MM GOVT ARCH 5.4M,5.0,NZ
29,6,300 INDOOR TIMBER AND BOARDS,400 PINE MOULDINGS,500 PINE MOULDINGS UT CTL,600 PINE UT CTL PREM D4S,0132624,65X18 PREM PINE++UT KD D4S 2.4M,5.0,NZ
29,7,300 INDOOR TIMBER AND BOARDS,400 PLYWOOD,500 PLYWOOD SHEETS,600 TREATED CONSTRUCTN PLY DD,0327750,PLYWOOD STRUCT H3.2++2400X1200X12MM DD,5.0,NZ
29,8,300 INDOOR TIMBER AND BOARDS,400 PINE MOULDINGS,500 PINE MOULDINGS UT CTL,600 PINE UT CTL CLR D4S,0293363,42X 42 CLR PINE UT++D4S 0.9M,4.0,NZ
29,9,300 INDOOR TIMBER AND BOARDS,400 PINE MOULDINGS,500 PINE MOULDINGS UT CTL,600 PINE UT CTL PREM D4S,0132684,30X30 PREM PINE++UT KD D4S 1.8M,4.0,NZ
29,10,300 INDOOR TIMBER AND BOARDS,400 MDF BOARDS,500 MDF CUT PANELS,600 MDF CUT PANELS,0294513,MDF HANDYPANEL++1200X600X18MM,4.0,NZ
30,1,300 INDOOR TIMBER AND BOARDS,400 PINE MOULDINGS,500 PINE MOULDINGS UT CTL,600 PNE MLD UT CTL CLR D4S TRD,0293129,12X 12 CLR PINE UT++D4S 0.9M,8.0,NZ
30,2,300 INDOOR TIMBER AND BOARDS,400 PINE MOULDINGS,500 PINE MOULDINGS UT CTL,600 PINE MLD UT CTL DG D4S,0293985,40X18 RAD DSG UT++KD D4S 1.2M 28DG12,5.4,NZ
30,3,300 INDOOR TIMBER AND BOARDS,400 PINE MOULDINGS,500 PINE MOULDINGS UT CTL,600 PINE UT CTL PREM D4S,0132615,40X18 PREM PINE++UT KD D4S 0.9M,5.0,NZ
30,4,300 INDOOR TIMBER AND BOARDS,400 PINE MOULDINGS,500 PINE MOULDINGS UT PP CTL,600 PINE MLD UT PP CTL FJ,0294182,40X 10 FJ PINE PP++BEV ARCH UT KD 2.7M,5.0,NZ
30,5,300 INDOOR TIMBER AND BOARDS,400 PINE MOULDINGS,500 THERMALLY MOD PINE CTL,600 THERM MOD PINE PREM D4S,0674080,THERMALLY MODIFIED PREM RAD++40X18X1.2M KD D4S,5.0,NZ
30,6,300 INDOOR TIMBER AND BOARDS,400 PINE MOULDINGS,500 PINE MOULDINGS TREATED CTL,600 PINE TRTD CTL PREM D4S,0132664,90X18 PREM PINE++H3.1 KD D4S 2.4M,4.0,NZ
30,7,300 INDOOR TIMBER AND BOARDS,400 PINE MOULDINGS,500 PINE MOULDINGS UT CTL,600 PINE UT CTL PREM D4S,0132622,65X18 PREM PINE++UT KD D4S 1.2M,4.0,NZ
30,8,300 INDOOR TIMBER AND BOARDS,400 MELAMINE,500 MELAMINE PART BD CUT PANEL,600 MELAMINE PART BD CUT PANEL,0294499,MELAMINE PANEL WHT++2400X600X16MM,4.0,NZ
30,9,300 INDOOR TIMBER AND BOARDS,400 MDF BOARDS,500 MDF CUT PANELS,600 MDF CUT PANELS,0294513,MDF HANDYPANEL++1200X600X18MM,4.0,NZ
30,10,300 INDOOR TIMBER AND BOARDS,400 MDF BOARDS,500 MDF CUT PANELS,600 MDF CUT PANELS,0294527,MDF HANDYPANEL++1200X900X18MM,4.0,NZ
31,1,300 INDOOR TIMBER AND BOARDS,400 PINE MOULDINGS,500 PINE MOULDINGS UT CTL,600 PINE UT CTL DG D4S,0294005,90X 18 DG PINE UT KD++D4S 1.2M 9018DG12,9.5,NZ
31,2,300 INDOOR TIMBER AND BOARDS,400 PINE MOULDINGS,500 PINE MOULDINGS UT CTL,600 PINE MLD UT CTL CLR,0293458,QUAD 18MM CLR PINE++UT 2.4M,7.0,NZ
31,3,300 INDOOR TIMBER AND BOARDS,400 PINE MOULDINGS,500 PINE MOULDINGS UT CTL,600 PINE UT CTL CLR D4S,0293382,65X 32 CLR PINE UT++D4S 1.2M,6.0,NZ
31,4,300 INDOOR TIMBER AND BOARDS,400 PINE MOULDINGS,500 PINE MOULDINGS UT CTL,600 PINE UT CTL CLR D4S,0293376,42X 42 CLR PINE UT++D4S 2.4M,6.0,NZ
31,5,300 INDOOR TIMBER AND BOARDS,400 PLYWOOD,500 PLYWOOD SHEETS,600 UNTREATED NON STRUCTURAL,0170556,PLYWOOD NON-STRUCT UT++2400X1200X18MM,5.5,NZ
31,6,300 INDOOR TIMBER AND BOARDS,400 HERITAGE STAIR AND FASCIA,500 HERITAGE TIMBER,600 FURNITURE LEGS,0294386,78MM CLR PINE UT++FEET SQUARE FS78,5.0,NZ
31,7,300 INDOOR TIMBER AND BOARDS,400 PINE MOULDINGS,500 PINE MOULDINGS UT CTL,600 PNE MLD UT CTL CLR D4S TRD,0293156,18X 18 CLR PINE UT++D4S 2.4M,5.0,NZ
31,8,300 INDOOR TIMBER AND BOARDS,400 PINE MOULDINGS,500 PINE MOULDINGS UT CTL,600 PINE MLD UT CTL DG D4S,0293996,65X18 RAD DSG UT++KD D4S 1.2M 6518DG12,4.67,NZ
31,9,300 INDOOR TIMBER AND BOARDS,400 PINE MOULDINGS,500 PINE MOULDINGS UT CTL,600 PNE MLD UT CTL CLR D4S TRD,0293159,24X 24 CLR PINE UT++D4S 0.9M,4.0,NZ
31,10,300 INDOOR TIMBER AND BOARDS,400 PINE MOULDINGS,500 PINE MOULDINGS UT CTL,600 PINE UT CTL CLR D4S,0293357,40X 32 CLR PINE UT++D4S 1.8M,4.0,NZ
32,1,300 INDOOR TIMBER AND BOARDS,400 PINE MOULDINGS,500 PINE MOULDINGS UT CTL,600 PINE UT CTL CLR D4S,0293366,42X 42 CLR PINE UT++D4S 1.2M,8.0,NZ
32,2,300 INDOOR TIMBER AND BOARDS,400 PINE MOULDINGS,500 PINE MOULDINGS UT CTL,600 PINE MLD UT CTL CLR,0293521,HALF ROUND 18X6MM++CLR PINE UT 1.8M,7.0,NZ
32,3,300 INDOOR TIMBER AND BOARDS,400 CUTTING AND SERVICE CHARGE,500 CUTTING AND SERVICE CHARGE,600 CUTTING AND SERVICE CHARGE,0200293,CUTTING COST FOR++BOARDS,6.0,NZ
32,4,300 INDOOR TIMBER AND BOARDS,400 MDF BOARDS,500 MDF BOARDS,600 MDF THINBOARD,0088451,MDF THINBOARD++2440X1220X3MM,5.0,NZ
32,5,300 INDOOR TIMBER AND BOARDS,400 MDF BOARDS,500 MDF CUT PANELS,600 MDF CUT PANELS,0294544,MDF HANDYPANEL++1800X400X18MM,5.0,NZ
32,6,300 INDOOR TIMBER AND BOARDS,400 PINE MOULDINGS,500 PINE MOULDINGS UT CTL,600 PINE UT CTL PREM D4S,0132624,65X18 PREM PINE++UT KD D4S 2.4M,4.5,NZ
32,7,300 INDOOR TIMBER AND BOARDS,400 PINE MOULDINGS,500 PINE MOULDINGS UT CTL,600 PINE MLD UT CTL DOWEL,0293742,DOWEL PINE++16.0MMX2.4M PD1624,4.0,NZ
32,8,300 INDOOR TIMBER AND BOARDS,400 PINE MOULDINGS,500 PINE MOULDINGS UT CTL,600 PINE MLD UT CTL DOWEL,0293807,PINETRIM DOWEL UT KD++28MMX1.8M,4.0,NZ
32,9,300 INDOOR TIMBER AND BOARDS,400 MDF MOULDINGS,500 MDF MOULDINGS EACH,600 MDF MOULDING PP EACH,0315578,MLD HMR MDF P/P 20++BEV ARCH 60X12 5.4M,4.0,NZ
32,10,300 INDOOR TIMBER AND BOARDS,400 PINE MOULDINGS,500 PINE MOULDINGS UT CTL,600 PINE UT CTL PREM D4S,0132619,40X18 PREM PINE++UT KD D4S 2.4M,4.0,NZ
33,1,300 INDOOR TIMBER AND BOARDS,400 MDF BOARDS,500 MDF CUT PANELS,600 MDF CUT PANELS,0294553,MDF HANDYPANEL++2400X400X18MM,12.0,NZ
33,2,300 INDOOR TIMBER AND BOARDS,400 PINE MOULDINGS,500 PINE MOULDINGS UT EACH,600 PINE MLD UT EACH FJ,0307498,MLD RAD FJ UT 19++40MM S/BEV ARCH 5.4M,8.0,NZ
33,3,300 INDOOR TIMBER AND BOARDS,400 PINE MOULDINGS,500 PINE MOULDINGS UT CTL,600 PINE MLD UT CTL DG D4S,0293985,40X18 RAD DSG UT++KD D4S 1.2M 28DG12,5.09,NZ
33,4,300 INDOOR TIMBER AND BOARDS,400 PINE MOULDINGS,500 THERMALLY MOD PINE CTL,600 THERM MOD PINE PREM D4S,0674080,THERMALLY MODIFIED PREM RAD++40X18X1.2M KD D4S,4.0,NZ
33,5,300 INDOOR TIMBER AND BOARDS,400 PINE MOULDINGS,500 PINE MOULDINGS UT CTL,600 PNE MLD UT CTL CLR D4S TRD,0293214,60X 10 CLR PINE UT++D4S 2.4M,3.5,NZ
33,6,300 INDOOR TIMBER AND BOARDS,400 PINE MOULDINGS,500 PINE MOULDINGS UT CTL,600 PINE UT CTL PREM D4S,0132640,180X18 PREM PINE++UT KD D4S 1.8M,3.0,NZ
33,7,300 INDOOR TIMBER AND BOARDS,400 PINE MOULDINGS,500 PINE MOULDINGS UT CTL,600 PINE UT CTL CLR D4S,0293363,42X 42 CLR PINE UT++D4S 0.9M,3.0,NZ
33,8,300 INDOOR TIMBER AND BOARDS,400 MELAMINE,500 MELAMINE PART BD CUT PANEL,600 MELAMINE PART BD CUT PANEL,0294499,MELAMINE PANEL WHT++2400X600X16MM,3.0,NZ
33,9,300 INDOOR TIMBER AND BOARDS,400 PINE MOULDINGS,500 PINE MOULDINGS UT CTL,600 PINE UT CTL PREM D4S,0132648,280X18 PREM PINE++UT KD D4S 0.9M,3.0,NZ
33,10,300 INDOOR TIMBER AND BOARDS,400 MDF BOARDS,500 MDF CUT PANELS,600 MDF CUT PANELS,0739182,PANEL++OFFCUTS,3.0,NZ
34,1,300 INDOOR TIMBER AND BOARDS,400 PINE MOULDINGS,500 PINE MOULDINGS UT CTL,600 PNE MLD UT CTL CLR D4S TRD,0293153,18X 18 CLR PINE UT++D4S 1.8M,6.0,NZ
34,2,300 INDOOR TIMBER AND BOARDS,400 PLYWOOD,500 PLYWOOD SHEETS OTHER,600 PLYWOOD MARINE,0345104,PLYWOOD NON-STRUCT OKOUME++2400X1200X9MM,6.0,NZ
34,3,300 INDOOR TIMBER AND BOARDS,400 PINE MOULDINGS,500 PINE MOULDINGS UT CTL,600 PINE MLD UT CTL DOWEL,0293683,DOWEL PINE++4.0MMX1.8M PD418,5.0,NZ
34,4,300 INDOOR TIMBER AND BOARDS,400 PANELS,500 PANELS,600 EXOTIC PANELS,0455953,BLK OAK TIMBER ACOUSTIC PANEL++2400X600X21MM^,5.0,NZ
34,5,300 INDOOR TIMBER AND BOARDS,400 PINE MOULDINGS,500 PINE MOULDINGS UT CTL,600 PINE MLD UT CTL DOWEL,0293686,DOWEL PINE++6.0MMX0.9M PD69,4.0,NZ
34,6,300 INDOOR TIMBER AND BOARDS,400 PINE MOULDINGS,500 PINE MOULDINGS TRTD PP EA,600 PINE MLD TRTD PP EA FJ TRD,0307351,MLD RAD FJ H3.1 PP++6 35MM SCOTIA 2.7M,4.0,NZ
34,7,300 INDOOR TIMBER AND BOARDS,400 PINE MOULDINGS,500 PINE MOULDINGS UT CTL,600 PINE UT CTL PREM D4S,0132623,65X18 PREM PINE++UT KD D4S 1.8M,4.0,NZ
34,8,300 INDOOR TIMBER AND BOARDS,400 SPECIALTY BOARDS,500 FLUTE BOARDS,600 FLUTE BOARDS,0390221,TUNNELCORE FLUTE BOARD++2250X1220X2.5MM BLACK^,4.0,NZ
34,9,300 INDOOR TIMBER AND BOARDS,400 PINE MOULDINGS,500 PINE MOULDINGS UT CTL,600 PINE UT CTL PREM D4S,0132636,140X18 PREM PINE++UT KD D4S 2.4M,4.0,NZ
34,10,300 INDOOR TIMBER AND BOARDS,400 PINE MOULDINGS,500 PINE MOULDINGS UT CTL,600 PINE UT CTL PREM D4S,0132703,90X42 CLR PINE++UT KD D4S 1.8M,4.0,NZ
35,1,300 INDOOR TIMBER AND BOARDS,400 PINE MOULDINGS,500 PINE MOULDINGS UT EACH,600 PINE MLD UT EACH FJ,0315265,MLD RAD FJ UT 22 60M++M B/NOSE ARCH 2.7M,21.0,NZ
35,2,300 INDOOR TIMBER AND BOARDS,400 CUTTING AND SERVICE CHARGE,500 CUTTING AND SERVICE CHARGE,600 CUTTING AND SERVICE CHARGE,0150002,TIMBER OFF CUT SHRT++LESS 1M OR 1200X1200,10.0,NZ
35,3,300 INDOOR TIMBER AND BOARDS,400 PINE MOULDINGS,500 PINE MOULDINGS UT CTL,600 PNE MLD UT CTL CLR D4S TRD,0293145,18X 18 CLR PINE UT++D4S 0.9M,10.0,NZ
35,4,300 INDOOR TIMBER AND BOARDS,400 PINE MOULDINGS,500 PINE MOULDINGS UT EACH,600 PINE MLD UT EACH FJ D4S,0315480,MLD RAD FJ UT 26++30X10 D4S 5.4M,10.0,NZ
35,5,300 INDOOR TIMBER AND BOARDS,400 PINE MOULDINGS,500 PINE MOULDINGS UT EACH,600 PINE MLD UT EACH FJ D4S,0315491,MLD RAD FJ UT 28++40X18 D4S 2.7M,9.0,NZ
35,6,300 INDOOR TIMBER AND BOARDS,400 MDF BOARDS,500 MDF CUT PANELS,600 MDF CUT PANELS,0294553,MDF HANDYPANEL++2400X400X18MM,6.0,NZ
35,7,300 INDOOR TIMBER AND BOARDS,400 MDF BOARDS,500 MDF CUT PANELS,600 MDF CUT PANELS,0294547,MDF HANDYPANEL++1800X600X18MM,5.0,NZ
35,8,300 INDOOR TIMBER AND BOARDS,400 PLYWOOD,500 PLYWOOD SHEETS,600 UNTREATED NON STRUCTURAL,0170556,PLYWOOD NON-STRUCT UT++2400X1200X18MM,5.0,NZ
35,9,300 INDOOR TIMBER AND BOARDS,400 PANELS,500 PANELS,600 EXOTIC PANELS,0489132,WALNUT TIMBER ACOUSTIC PANEL++2400X600X21MM^,4.67,NZ
35,10,300 INDOOR TIMBER AND BOARDS,400 MELAMINE,500 MELAMINE PART BD CUT PANEL,600 MELAMINE PART BD CUT PANEL,0294487,MELAMINE PANEL WHT++1800X400X16MM,4.0,NZ
36,1,300 INDOOR TIMBER AND BOARDS,400 PINE MOULDINGS,500 PINE MOULDINGS UT PP EACH,600 PINE MLD UT PP EACH FJ,0043750,PINETRM PLS FJ PP 20++60X10MM S/BEV 5.4M,10.0,NZ
36,2,300 INDOOR TIMBER AND BOARDS,400 MDF BOARDS,500 MDF CUT PANELS,600 MDF CUT PANELS,0294612,MDF HANDYPANEL++1200X900X9MM,8.0,NZ
36,3,300 INDOOR TIMBER AND BOARDS,400 PINE MOULDINGS,500 PINE MOULDINGS UT CTL,600 PNE MLD UT CTL CLR D4S TRD,0293186,30X 10 CLR PINE UT++D4S 2.4M,6.5,NZ
36,4,300 INDOOR TIMBER AND BOARDS,400 PINE MOULDINGS,500 PINE MOULDINGS UT CTL,600 PINE MLD UT CTL DG D4S,0293985,40X18 RAD DSG UT++KD D4S 1.2M 28DG12,5.3,NZ
36,5,300 INDOOR TIMBER AND BOARDS,400 PINE MOULDINGS,500 PINE MOULDINGS UT EACH,600 PINE MLD UT EACH FJ,0307412,MLD RAD FJ UT 2++18MM QUAD 5.4M,5.0,NZ
36,6,300 INDOOR TIMBER AND BOARDS,400 PINE MOULDINGS,500 PINE MOULDINGS UT CTL,600 PINE UT CTL PREM D4S,0132690,70X70 PREM PINE++UT KD 2.4M,4.5,NZ
36,7,300 INDOOR TIMBER AND BOARDS,400 PINE MOULDINGS,500 PINE MOULDINGS UT PP CTL,600 PINE MLD UT PP CTL FJ,0294201,30X 18 FJ PINE PP UT++KD D4S 2.7M,4.0,NZ
36,8,300 INDOOR TIMBER AND BOARDS,400 PINE MOULDINGS,500 PINE MOULDINGS UT CTL,600 PNE MLD UT CTL CLR D4S TRD,0293183,30X 10 CLR PINE UT++D4S 1.8M,4.0,NZ
36,9,300 INDOOR TIMBER AND BOARDS,400 PLYWOOD,500 PLYWOOD SHEETS,600 UNTREATED CONSTRUCT PLY CD,0327783,PLYWOOD STRUCT UT++2400X1200X17MM CD,4.0,NZ
36,10,300 INDOOR TIMBER AND BOARDS,400 PINE MOULDINGS,500 PINE MOULDINGS UT CTL,600 PINE UT CTL PREM D4S,0132616,40X18 PREM PINE++UT KD D4S 1.2M,4.0,NZ
37,1,300 INDOOR TIMBER AND BOARDS,400 PINE MOULDINGS,500 PINE MOULDINGS UT CTL,600 PNE MLD UT CTL CLR D4S TRD,0293162,24X 24 CLR PINE UT++D4S 1.2M,6.0,NZ
37,2,300 INDOOR TIMBER AND BOARDS,400 PINE MOULDINGS,500 PINE MOULDINGS TRTD PP EA,600 PINE MLD TRTD PP EA FJ D4S,0315431,MLD RAD FJ H3.1 PP++28 40X18 D4S 2.7M,6.0,NZ
37,3,300 INDOOR TIMBER AND BOARDS,400 PINE MOULDINGS,500 PINE MOULDINGS UT CTL,600 PINE MLD UT CTL DG D4S,0293985,40X18 RAD DSG UT++KD D4S 1.2M 28DG12,4.78,NZ
37,4,300 INDOOR TIMBER AND BOARDS,400 PINE MOULDINGS,500 PINE MOULDINGS UT CTL,600 PNE MLD UT CTL CLR D4S TRD,0293197,40X 10 CLR PINE UT++D4S 1.8M,4.0,NZ
37,5,300 INDOOR TIMBER AND BOARDS,400 PINE MOULDINGS,500 PINE MOULDINGS UT CTL,600 PINE MLD UT CTL CLR,0293445,QUAD 12MM CLR PINE++UT 2.4M,4.0,NZ
37,6,300 INDOOR TIMBER AND BOARDS,400 PANELS,500 PANELS,600 EXOTIC PANELS,0455952,OAK TIMBER ACOUSTIC PANEL++2400X600X21MM^,4.0,NZ
37,7,300 INDOOR TIMBER AND BOARDS,400 PINE MOULDINGS,500 PINE MOULDINGS UT CTL,600 PINE UT CTL PREM D4S,0132686,30X30 PREM PINE++UT KD D4S 2.4M,4.0,NZ
37,8,300 INDOOR TIMBER AND BOARDS,400 PANELS,500 PANELS,600 EXOTIC PANELS,0455953,BLK OAK TIMBER ACOUSTIC PANEL++2400X600X21MM^,3.5,NZ
37,9,300 INDOOR TIMBER AND BOARDS,400 PINE MOULDINGS,500 PINE MOULDINGS UT CTL,600 PINE UT CTL DG D4S,0412867,140x18 DRESS GRADE PINE++UT KD D4S 1.2M,3.33,NZ
37,10,300 INDOOR TIMBER AND BOARDS,400 PINE MOULDINGS,500 PINE MOULDINGS UT CTL,600 PINE UT CTL PREM D4S,0132644,230X18 PREM PINE++UT KD D4S 1.8M,3.0,NZ
38,1,300 INDOOR TIMBER AND BOARDS,400 PINE MOULDINGS,500 PINE MOULDINGS UT EACH,600 PINE MLD UT EACH FJ,0298219,PREM PINE UT KD++90X10 TG&VV 4.8M,13.0,NZ
38,2,300 INDOOR TIMBER AND BOARDS,400 PINE MOULDINGS,500 PINE MOULDINGS UT PP EACH,600 PINE MLD UT PP EACH FJ,0043757,PINETRM PLS FJ PP 22++60X10MM B/NOSE 5.4M,10.0,NZ
38,3,300 INDOOR TIMBER AND BOARDS,400 PINE MOULDINGS,500 THERMALLY MOD PINE CTL,600 THERM MOD PINE PREM D4S,0674123,THERMALLY MODIFIED PREM RAD++40X18X2.4M KD D4S,10.0,NZ
38,4,300 INDOOR TIMBER AND BOARDS,400 PINE MOULDINGS,500 PINE MOULDINGS UT EACH,600 PINE MLD UT EACH FJ,0307401,MLD RAD FJ UT 1++12MM QUAD 2.7M,10.0,NZ
38,5,300 INDOOR TIMBER AND BOARDS,400 PINE MOULDINGS,500 PINE MOULDINGS UT EACH,600 PINE MLD UT EACH FJ D4S,0315491,MLD RAD FJ UT 28++40X18 D4S 2.7M,6.0,NZ
38,6,300 INDOOR TIMBER AND BOARDS,400 PINE MOULDINGS,500 PINE MOULDINGS UT CTL,600 PINE MLD UT CTL CLR,0293537,HALF ROUND 30X6MM++CLR PINE UT 2.4M,6.0,NZ
38,7,300 INDOOR TIMBER AND BOARDS,400 PINE MOULDINGS,500 PINE MOULDINGS UT CTL,600 PNE MLD UT CTL CLR D4S TRD,0293153,18X 18 CLR PINE UT++D4S 1.8M,5.0,NZ
38,8,300 INDOOR TIMBER AND BOARDS,400 MDF MOULDINGS,500 MDF MOULDINGS EACH,600 MDF MOULDING PP EACH,0315616,MLD HMR MDF P/P 27++D4S 40X12 5.4M,5.0,NZ
38,9,300 INDOOR TIMBER AND BOARDS,400 MDF MOULDINGS,500 MDF MOULDINGS EACH,600 MDF MOULDING PP EACH,0315596,MLD HMR MDF P/P 22++B/N ARCH 60X12 5.4M,5.0,NZ
38,10,300 INDOOR TIMBER AND BOARDS,400 PINE MOULDINGS,500 PINE MOULDINGS UT CTL,600 PINE UT CTL PREM D4S,0132618,40X18 PREM PINE++UT KD D4S 1.8M,4.5,NZ
39,1,300 INDOOR TIMBER AND BOARDS,400 PINE MOULDINGS,500 PINE MOULDINGS UT CTL,600 PNE MLD UT CTL CLR D4S TRD,0293177,30X 10 CLR PINE UT++D4S 0.9M,16.0,NZ
39,2,300 INDOOR TIMBER AND BOARDS,400 PINE MOULDINGS,500 PINE MOULDINGS UT CTL,600 PNE MLD UT CTL CLR D4S TRD,0293200,40X 10 CLR PINE UT++D4S 2.4M,9.0,NZ
39,3,300 INDOOR TIMBER AND BOARDS,400 PINE MOULDINGS,500 PINE MOULDINGS TRTD PP EA,600 PINE MLD TRTD PP EA FJ D4S,0315434,MLD RAD FJ H3.1 PP++28 40X18 D4S 5.4M,8.0,NZ
39,4,300 INDOOR TIMBER AND BOARDS,400 PINE MOULDINGS,500 PINE MOULDINGS UT CTL,600 PINE UT CTL DG D4S,0294005,90X 18 DG PINE UT KD++D4S 1.2M 9018DG12,8.0,NZ
39,5,300 INDOOR TIMBER AND BOARDS,400 PINE MOULDINGS,500 PINE MOULDINGS UT CTL,600 PINE MLD UT CTL CLR,0293609,90X 10 CLR PINE++BEVEL ARCH UT 2.4M,8.0,NZ
39,6,300 INDOOR TIMBER AND BOARDS,400 PINE MOULDINGS,500 PINE MOULDINGS UT CTL,600 PNE MLD UT CTL CLR D4S TRD,0293211,60X 10 CLR PINE UT++D4S 1.8M,6.0,NZ
39,7,300 INDOOR TIMBER AND BOARDS,400 PINE MOULDINGS,500 PINE MOULDINGS UT CTL,600 PINE UT CTL DG D4S,0412867,140x18 DRESS GRADE PINE++UT KD D4S 1.2M,5.0,NZ
39,8,300 INDOOR TIMBER AND BOARDS,400 PINE MOULDINGS,500 PINE MOULDINGS UT CTL,600 PINE MLD UT CTL CLR,0293534,HALF ROUND 30X6MM++CLR PINE UT 1.8M,5.0,NZ
39,9,300 INDOOR TIMBER AND BOARDS,400 PINE MOULDINGS,500 PINE MOULDINGS UT CTL,600 PNE MLD UT CTL CLR D4S TRD,0293174,24X 24 CLR PINE UT++D4S 2.4M,4.0,NZ
39,10,300 INDOOR TIMBER AND BOARDS,400 PINE MOULDINGS,500 PINE MOULDINGS UT CTL,600 PINE UT CTL CLR D4S,0293366,42X 42 CLR PINE UT++D4S 1.2M,4.0,NZ
40,1,300 INDOOR TIMBER AND BOARDS,400 PINE MOULDINGS,500 PINE MOULDINGS TRTD PP EA,600 PINE MLD TRTD PP EA FJ TRD,0307351,MLD RAD FJ H3.1 PP++6 35MM SCOTIA 2.7M,10.0,NZ
40,2,300 INDOOR TIMBER AND BOARDS,400 PINE MOULDINGS,500 PINE MOULDINGS UT CTL,600 PNE MLD UT CTL CLR D4S TRD,0293197,40X 10 CLR PINE UT++D4S 1.8M,7.0,NZ
40,3,300 INDOOR TIMBER AND BOARDS,400 PINE MOULDINGS,500 PINE MOULDINGS UT CTL,600 PINE UT CTL DG D4S,0412867,140x18 DRESS GRADE PINE++UT KD D4S 1.2M,6.5,NZ
40,4,300 INDOOR TIMBER AND BOARDS,400 PINE MOULDINGS,500 PINE MOULDINGS UT CTL,600 PNE MLD UT CTL CLR D4S TRD,0293200,40X 10 CLR PINE UT++D4S 2.4M,6.0,NZ
40,5,300 INDOOR TIMBER AND BOARDS,400 PINE MOULDINGS,500 PINE MOULDINGS UT CTL,600 PINE UT CTL CLR D4S,0293351,40X 32 CLR PINE UT++D4S 0.9M,6.0,NZ
40,6,300 INDOOR TIMBER AND BOARDS,400 MELAMINE,500 MELAMINE PART BD CUT PANEL,600 MELAMINE PART BD CUT PANEL,0294499,MELAMINE PANEL WHT++2400X600X16MM,6.0,NZ
40,7,300 INDOOR TIMBER AND BOARDS,400 PINE MOULDINGS,500 PINE MOULDINGS UT CTL,600 PINE UT CTL CLR D4S,0293366,42X 42 CLR PINE UT++D4S 1.2M,5.0,NZ
40,8,300 INDOOR TIMBER AND BOARDS,400 PINE MOULDINGS,500 PINE MOULDINGS UT PP CTL,600 PINE MLD UT PP CTL FJ D4S,0294212,40X 18 FJ PINE PP UT++KD D4S 2.7M,5.0,NZ
40,9,300 INDOOR TIMBER AND BOARDS,400 PINE MOULDINGS,500 PINE MOULDINGS UT CTL,600 PINE MLD UT CTL DG D4S,0293996,65X18 RAD DSG UT++KD D4S 1.2M 6518DG12,4.8,NZ
40,10,300 INDOOR TIMBER AND BOARDS,400 PINE MOULDINGS,500 PINE MOULDINGS UT CTL,600 PINE UT CTL PREM D4S,0132619,40X18 PREM PINE++UT KD D4S 2.4M,4.67,NZ
41,1,300 INDOOR TIMBER AND BOARDS,400 PINE MOULDINGS,500 THERMALLY MOD PINE CTL,600 THERM MOD PINE PREM D4S,0674080,THERMALLY MODIFIED PREM RAD++40X18X1.2M KD D4S,10.0,NZ
41,2,300 INDOOR TIMBER AND BOARDS,400 HERITAGE STAIR AND FASCIA,500 HERITAGE TIMBER,600 FURNITURE LEGS,0294396,87MM CLR PINE UT++FEET OXFORD FO87,8.0,NZ
41,3,300 INDOOR TIMBER AND BOARDS,400 PINE MOULDINGS,500 PINE MOULDINGS UT CTL,600 PNE MLD UT CTL CLR D4S TRD,0293211,60X 10 CLR PINE UT++D4S 1.8M,8.0,NZ
41,4,300 INDOOR TIMBER AND BOARDS,400 PINE MOULDINGS,500 PINE MOULDINGS UT CTL,600 PINE UT CTL PREM D4S,0132684,30X30 PREM PINE++UT KD D4S 1.8M,6.0,NZ
41,5,300 INDOOR TIMBER AND BOARDS,400 PANELS,500 PANELS,600 EXOTIC PANELS,0489132,WALNUT TIMBER ACOUSTIC PANEL++2400X600X21MM^,4.67,NZ
41,6,300 INDOOR TIMBER AND BOARDS,400 PINE MOULDINGS,500 PINE MOULDINGS UT CTL,600 PINE UT CTL PREM D4S,0132619,40X18 PREM PINE++UT KD D4S 2.4M,4.0,NZ
41,7,300 INDOOR TIMBER AND BOARDS,400 PINE MOULDINGS,500 PINE MOULDINGS UT EACH,600 PINE MLD UT EACH FJ D4S,0315491,MLD RAD FJ UT 28++40X18 D4S 2.7M,4.0,NZ
41,8,300 INDOOR TIMBER AND BOARDS,400 PINE MOULDINGS,500 PINE MOULDINGS UT EACH,600 PINE MLD UT EACH FJ D4S,0315483,MLD RAD FJ UT 27++40X10 D4S 2.7M NI,4.0,NZ
41,9,300 INDOOR TIMBER AND BOARDS,400 PINE MOULDINGS,500 PINE MOULDINGS UT CTL,600 PINE MLD UT CTL CLR,0293649,60X 18 CLR PINE COLO++NIAL ARCH UT 2.4M,4.0,NZ
41,10,300 INDOOR TIMBER AND BOARDS,400 PLYWOOD,500 PLYWOOD SHEETS,600 UNTREATED CONSTRUCT PLY CD,0327783,PLYWOOD STRUCT UT++2400X1200X17MM CD,4.0,NZ
42,1,300 INDOOR TIMBER AND BOARDS,400 PLYWOOD,500 PLYWOOD CUT PANELS,600 PLYWOOD CUT PNL TREATED CD,0043560,PANEL PLYWOOD H3.2++1200X600X7MM CD,6.0,NZ
42,2,300 INDOOR TIMBER AND BOARDS,400 MDF BOARDS,500 MDF BOARDS,600 MDF STD PANELLINE,0638433,MDF V-GROOVED PP SQUARE EDGED++2400X1200X9MM,6.0,NZ
42,3,300 INDOOR TIMBER AND BOARDS,400 PLYWOOD,500 PLYWOOD SHEETS,600 UNTREATED PLY LININGS,0788215,PLYWOOD RED OAK UT++2400X1200X9MM AB,4.0,NZ
42,4,300 INDOOR TIMBER AND BOARDS,400 PINE MOULDINGS,500 PINE MOULDINGS UT CTL,600 PINE UT CTL PREM D4S,0132616,40X18 PREM PINE++UT KD D4S 1.2M,4.0,NZ
42,5,300 INDOOR TIMBER AND BOARDS,400 CUTTING AND SERVICE CHARGE,500 CUTTING AND SERVICE CHARGE,600 CUTTING AND SERVICE CHARGE,0200293,CUTTING COST FOR++BOARDS,4.0,NZ
42,6,300 INDOOR TIMBER AND BOARDS,400 PINE MOULDINGS,500 PINE MOULDINGS UT EACH,600 PINE MLD UT EACH FJ D4S,0183105,115X18 RAD FJ UT++DRESSED 4SIDES 2.7M,4.0,NZ
42,7,300 INDOOR TIMBER AND BOARDS,400 PINE MOULDINGS,500 PINE MOULDINGS UT CTL,600 PINE UT CTL PREM D4S,0132701,90X42 CLR PINE++UT KD D4S 1.2M,4.0,NZ
42,8,300 INDOOR TIMBER AND BOARDS,400 PINE MOULDINGS,500 PINE MOULDINGS UT CTL,600 PNE MLD UT CTL CLR D4S TRD,0293177,30X 10 CLR PINE UT++D4S 0.9M,4.0,NZ
42,9,300 INDOOR TIMBER AND BOARDS,400 PINE MOULDINGS,500 PINE MOULDINGS UT CTL,600 PNE MLD UT CTL CLR D4S TRD,0293200,40X 10 CLR PINE UT++D4S 2.4M,3.0,NZ
42,10,300 INDOOR TIMBER AND BOARDS,400 PINE MOULDINGS,500 PINE MOULDINGS UT CTL,600 PNE MLD UT CTL CLR D4S TRD,0293145,18X 18 CLR PINE UT++D4S 0.9M,3.0,NZ
43,1,300 INDOOR TIMBER AND BOARDS,400 MDF MOULDINGS,500 MDF MOULDINGS EACH,600 MDF MOULDING PP EACH,0315636,MLD HMR MDF P/P 32++BEV ARCH 90X12 5.4M,12.0,NZ
43,2,300 INDOOR TIMBER AND BOARDS,400 PLYWOOD,500 PLYWOOD SHEETS,600 TREATED PLY CLADDING,0501877,CORECLAD GRV AQC PP H3.2++150 2440X1220X12MM,10.0,NZ
43,3,300 INDOOR TIMBER AND BOARDS,400 PANELS,500 PANELS,600 EXOTIC PANELS,0455953,BLK OAK TIMBER ACOUSTIC PANEL++2400X600X21MM^,7.0,NZ
43,4,300 INDOOR TIMBER AND BOARDS,400 PINE MOULDINGS,500 PINE MOULDINGS UT CTL,600 PINE MLD UT CTL DG D4S,0293985,40X18 RAD DSG UT++KD D4S 1.2M 28DG12,5.14,NZ
43,5,300 INDOOR TIMBER AND BOARDS,400 PLYWOOD,500 PLYWOOD SHEETS,600 UNTREATED NON STRUCTURAL,0170555,PLYWOOD NON-STRUCT UT++2400X1200X12MM,5.0,NZ
43,6,300 INDOOR TIMBER AND BOARDS,400 PINE MOULDINGS,500 PINE MOULDINGS UT CTL,600 PINE MLD UT CTL DG D4S,0293996,65X18 RAD DSG UT++KD D4S 1.2M 6518DG12,4.2,NZ
43,7,300 INDOOR TIMBER AND BOARDS,400 PINE MOULDINGS,500 PINE MOULDINGS UT CTL,600 PINE MLD UT CTL DOWEL,0293849,DOWEL PINE++35.0MMX1.8M PD3518,4.0,NZ
43,8,300 INDOOR TIMBER AND BOARDS,400 HERITAGE STAIR AND FASCIA,500 HERITAGE TIMBER,600 FURNITURE LEGS,0294393,80MM CLR PINE UT++FEET ROUND FR80,4.0,NZ
43,9,300 INDOOR TIMBER AND BOARDS,400 PINE MOULDINGS,500 PINE MOULDINGS UT CTL,600 PINE UT CTL CLR D4S,0293366,42X 42 CLR PINE UT++D4S 1.2M,4.0,NZ
43,10,300 INDOOR TIMBER AND BOARDS,400 PINE MOULDINGS,500 PINE MOULDINGS TREATED CTL,600 PINE TRTD CTL PREM D4S,0132669,115X18 PREM PINE++H3.1 KD D4S 2.4M,4.0,NZ
44,1,300 INDOOR TIMBER AND BOARDS,400 PANELS,500 PANELS,600 EXOTIC PANELS,0455952,OAK TIMBER ACOUSTIC PANEL++2400X600X21MM^,9.5,NZ
44,2,300 INDOOR TIMBER AND BOARDS,400 PINE MOULDINGS,500 PINE MOULDINGS UT CTL,600 PINE MLD UT CTL CLR,0293567,60X 10 CLR PINE BULL++NOSE ARCH UT 2.4M,8.0,NZ
44,3,300 INDOOR TIMBER AND BOARDS,400 PLYWOOD,500 PLYWOOD SHEETS,600 UNTREATED NON STRUCTURAL,0170555,PLYWOOD NON-STRUCT UT++2400X1200X12MM,6.33,NZ
44,4,300 INDOOR TIMBER AND BOARDS,400 PINE MOULDINGS,500 PINE MOULDINGS UT CTL,600 PINE MLD UT CTL FJ,0294148,DOOR STOP 40X 10 FJ++PINE UT KD 2.1M,5.0,NZ
44,5,300 INDOOR TIMBER AND BOARDS,400 PINE MOULDINGS,500 PINE MOULDINGS TREATED CTL,600 PINE TRTD CTL PREM D4S,0132664,90X18 PREM PINE++H3.1 KD D4S 2.4M,5.0,NZ
44,6,300 INDOOR TIMBER AND BOARDS,400 MDF BOARDS,500 MDF CUT PANELS,600 MDF CUT PANELS THINBRD,0294502,MDF HANDYPANEL++1200X600X4.75MM,4.5,NZ
44,7,300 INDOOR TIMBER AND BOARDS,400 PINE MOULDINGS,500 PINE MOULDINGS UT CTL,600 PINE UT CTL CLR D4S,0293371,42X 42 CLR PINE UT++D4S 1.8M,4.0,NZ
44,8,300 INDOOR TIMBER AND BOARDS,400 HERITAGE STAIR AND FASCIA,500 HERITAGE TIMBER,600 FURNITURE LEGS,0294393,80MM CLR PINE UT++FEET ROUND FR80,4.0,NZ
44,9,300 INDOOR TIMBER AND BOARDS,400 PINE MOULDINGS,500 PINE MOULDINGS UT CTL,600 PINE MLD UT CTL CLR,0293464,28MM CLR PINE SCOTIA++UT 2.4M,4.0,NZ
44,10,300 INDOOR TIMBER AND BOARDS,400 PINE MOULDINGS,500 PINE MOULDINGS UT CTL,600 PINE MLD UT CTL DG D4S,0293985,40X18 RAD DSG UT++KD D4S 1.2M 28DG12,3.85,NZ
45,1,300 INDOOR TIMBER AND BOARDS,400 MELAMINE,500 MELAMINE PART BD CUT PANEL,600 MELAMINE PART BD CUT PANEL,0294484,MELAMINE PANEL WHT++1800X300X16MM,8.0,NZ
45,2,300 INDOOR TIMBER AND BOARDS,400 PINE MOULDINGS,500 PINE MOULDINGS UT EACH,600 PINE MLD UT EACH FJ,0307493,MLD RAD FJ UT 19++40MM S/BEV ARCH 2.7M,6.0,NZ
45,3,300 INDOOR TIMBER AND BOARDS,400 PANELS,500 PANELS,600 EXOTIC PANELS,0489132,WALNUT TIMBER ACOUSTIC PANEL++2400X600X21MM^,5.0,NZ
45,4,300 INDOOR TIMBER AND BOARDS,400 PINE MOULDINGS,500 PINE MOULDINGS UT CTL,600 PINE MLD UT CTL DG D4S,0293996,65X18 RAD DSG UT++KD D4S 1.2M 6518DG12,5.0,NZ
45,5,300 INDOOR TIMBER AND BOARDS,400 PINE MOULDINGS,500 PINE MOULDINGS UT CTL,600 PINE UT CTL CLR D4S,0293351,40X 32 CLR PINE UT++D4S 0.9M,4.0,NZ
45,6,300 INDOOR TIMBER AND BOARDS,400 PINE MOULDINGS,500 THERMALLY MOD PINE CTL,600 THERM MOD PINE PREM D4S,0674084,THERMALLY MODIFIED PREM RAD++65X18X1.2M KD D4S,4.0,NZ
45,7,300 INDOOR TIMBER AND BOARDS,400 PINE MOULDINGS,500 PINE MOULDINGS UT CTL,600 PINE UT CTL PREM D4S,0132686,30X30 PREM PINE++UT KD D4S 2.4M,4.0,NZ
45,8,300 INDOOR TIMBER AND BOARDS,400 PINE MOULDINGS,500 PINE MOULDINGS UT CTL,600 PINE MLD UT CTL DOWEL,0293703,DOWEL PINE++8.0MMX1.8M PD818,4.0,NZ
45,9,300 INDOOR TIMBER AND BOARDS,400 PINE MOULDINGS,500 PINE MOULDINGS UT CTL,600 PINE UT CTL PREM D4S,0132703,90X42 CLR PINE++UT KD D4S 1.8M,4.0,NZ
45,10,300 INDOOR TIMBER AND BOARDS,400 HERITAGE STAIR AND FASCIA,500 HERITAGE TIMBER,600 FURNITURE LEGS,0294399,110MM CLR PINE UT++FEET OXFORD F0110,4.0,NZ
